file,bin_row,bin_col,r_relative,g1_relative,g2_relative,b_relative,green_relative,c_rg,c_bg,c_g1g2
flat-field-19,0,0,0.50073529,0.51202887,0.51147279,0.53012352,0.51175083,0.97847481,1.03590164,1.00108722
flat-field-19,0,1,0.56936275,0.57952419,0.57910886,0.59692463,0.57931652,0.98281806,1.03039462,1.00071719
flat-field-19,0,2,0.64877451,0.65704357,0.65715048,0.67406100,0.65709703,0.98733442,1.02581655,0.99983731
flat-field-19,0,3,0.69975490,0.70636194,0.70664354,0.71968742,0.70650274,0.99044896,1.01866190,0.99960149
flat-field-19,0,4,0.76446078,0.76944667,0.76961046,0.78043862,0.76952857,0.99341443,1.01417758,0.99978718
flat-field-19,0,5,0.80049020,0.80620155,0.80669691,0.81497353,0.80644923,0.99261078,1.01057017,0.99938595
flat-field-19,0,6,0.80563725,0.81221599,0.81296692,0.82127552,0.81259145,0.99144195,1.01068689,0.99907631
flat-field-19,0,7,0.81691176,0.82304197,0.82377268,0.83009831,0.82340732,0.99211137,1.00812598,0.99911297
flat-field-19,0,8,0.81544118,0.82076985,0.82163821,0.82707336,0.82120403,0.99298244,1.00714722,0.99894314
flat-field-19,0,9,0.80147059,0.80727078,0.80803095,0.81446937,0.80765087,0.99234783,1.00844239,0.99905924
flat-field-19,0,10,0.77720588,0.78361401,0.78428495,0.79279052,0.78394948,0.99139792,1.01127757,0.99914451
flat-field-19,0,11,0.74387255,0.75113606,0.75160085,0.76228888,0.75136846,0.99002366,1.01453405,0.99938159
flat-field-19,0,12,0.69803922,0.70649559,0.70677695,0.71993950,0.70663627,0.98783384,1.01882614,0.99960191
flat-field-19,0,13,0.63750000,0.64621759,0.64661153,0.66296950,0.64641456,0.98620923,1.02561041,0.99939077
flat-field-19,0,14,0.58995098,0.60130981,0.60138741,0.62036804,0.60134861,0.98104655,1.03162796,0.99987097
flat-field-19,0,15,0.61446078,0.62817428,0.62700107,0.65565919,0.62758768,0.97908357,1.04472923,1.00187116
flat-field-19,1,0,0.53284314,0.54423951,0.54335646,0.56163348,0.54379798,0.97985494,1.03279801,1.00162518
flat-field-19,1,1,0.60637255,0.61668003,0.61632871,0.63372826,0.61650437,0.98356569,1.02793798,1.00057003
flat-field-19,1,2,0.67745098,0.68577920,0.68583244,0.70002521,0.68580582,0.98781748,1.02073383,0.99992237
flat-field-19,1,3,0.73848039,0.74458701,0.74413020,0.75573481,0.74435861,0.99210298,1.01528323,1.00061388
flat-field-19,1,4,0.80686275,0.81168137,0.81176628,0.82127552,0.81172382,0.99401142,1.01176718,0.99989540
flat-field-19,1,5,0.84338235,0.84790163,0.84818570,0.85530628,0.84804366,0.99450345,1.00856396,0.99966509
flat-field-19,1,6,0.85514706,0.86073242,0.86059232,0.86715402,0.86066237,0.99359178,1.00754262,1.00016280
flat-field-19,1,7,0.87034314,0.87516707,0.87540021,0.88001008,0.87528364,0.99435554,1.00539990,0.99973367
flat-field-19,1,8,0.86911765,0.87369687,0.87406617,0.87849761,0.87388152,0.99454860,1.00528228,0.99957750
flat-field-19,1,9,0.85710784,0.86206897,0.86259338,0.86740610,0.86233117,0.99394278,1.00588512,0.99939205
flat-field-19,1,10,0.82990196,0.83493718,0.83551227,0.84219813,0.83522473,0.99362714,1.00834914,0.99931169
flat-field-19,1,11,0.79264706,0.79925154,0.79949306,0.80841946,0.79937230,0.99158685,1.01131783,0.99969790
flat-field-19,1,12,0.74607843,0.75367549,0.75413554,0.76556592,0.75390551,0.98961795,1.01546667,0.99938996
flat-field-19,1,13,0.68627451,0.69460037,0.69517076,0.70960423,0.69488557,0.98760795,1.02118143,0.99917951
flat-field-19,1,14,0.63088235,0.64127239,0.64100854,0.65918830,0.64114046,0.98400022,1.02814959,1.00041162
flat-field-19,1,15,0.64803922,0.66132050,0.66115261,0.68666499,0.66123656,0.98004142,1.03845587,1.00025393
flat-field-19,2,0,0.56127451,0.57297514,0.57230523,0.58911016,0.57264018,0.98015215,1.02876147,1.00117055
flat-field-19,2,1,0.64068627,0.65022721,0.64967983,0.66574237,0.64995352,0.98574168,1.02429228,1.00084254
flat-field-19,2,2,0.70882353,0.71678696,0.71638207,0.73052685,0.71658451,0.98916948,1.01945665,1.00056518
flat-field-19,2,3,0.77230392,0.77880246,0.77841515,0.79001765,0.77860881,0.99190237,1.01465285,1.00049756
flat-field-19,2,4,0.84142157,0.84562951,0.84511740,0.85379380,0.84537345,0.99532528,1.00996050,1.00060597
flat-field-19,2,5,0.88406863,0.88799786,0.88794023,0.89362238,0.88796905,0.99560748,1.00636659,1.00006490
flat-field-19,2,6,0.90024510,0.90470462,0.90461580,0.90899924,0.90466021,0.99511959,1.00479631,1.00009820
flat-field-19,2,7,0.91764706,0.92060946,0.92089114,0.92387194,0.92075030,0.99662966,1.00339032,0.99969412
flat-field-19,2,8,0.91568627,0.91833734,0.91848986,0.92135115,0.91841360,0.99703039,1.00319850,0.99983395
flat-field-19,2,9,0.90343137,0.90644213,0.90661686,0.91051172,0.90652950,0.99658244,1.00439283,0.99980727
flat-field-19,2,10,0.87328431,0.87717188,0.87726788,0.88253088,0.87721988,0.99551359,1.00605436,0.99989057
flat-field-19,2,11,0.83431373,0.83921411,0.83938100,0.84648349,0.83929756,0.99406190,1.00856184,0.99980118
flat-field-19,2,12,0.78553922,0.79230152,0.79268943,0.80211747,0.79249548,0.99122233,1.01214138,0.99951064
flat-field-19,2,13,0.72573529,0.73416199,0.73399146,0.74691202,0.73407673,0.98863684,1.01748496,1.00023233
flat-field-19,2,14,0.65490196,0.66332531,0.66315368,0.68086715,0.66323950,0.98742907,1.02657812,1.00025881
flat-field-19,2,15,0.64828431,0.66011762,0.65955176,0.68288379,0.65983469,0.98249505,1.03493163,1.00085794
flat-field-19,3,0,0.58284314,0.59369153,0.59298292,0.61003277,0.59333723,0.98231345,1.02813837,1.00119498
flat-field-19,3,1,0.66519608,0.67455226,0.67435966,0.68943786,0.67445596,0.98627059,1.02221332,1.00028560
flat-field-19,3,2,0.73504902,0.74244854,0.74212914,0.75497857,0.74228884,0.99024663,1.01709541,1.00043039
flat-field-19,3,3,0.79754902,0.80366212,0.80322839,0.81371313,0.80344526,0.99266131,1.01277981,1.00053999
flat-field-19,3,4,0.86715686,0.87129110,0.87073106,0.87824553,0.87101108,0.99557501,1.00830580,1.00064319
flat-field-19,3,5,0.91519608,0.91833734,0.91835646,0.92336778,0.91834690,0.99656903,1.00546731,0.99997919
flat-field-19,3,6,0.93848039,0.94105854,0.94103522,0.94403832,0.94104688,0.99727273,1.00317884,1.00002478
flat-field-19,3,7,0.95833333,0.95977011,0.95997866,0.96168389,0.95987439,0.99839453,1.00188515,0.99978277
flat-field-19,3,8,0.95661765,0.95803261,0.95824440,0.95966725,0.95813850,0.99841270,1.00159554,0.99977899
flat-field-19,3,9,0.94044118,0.94252874,0.94263607,0.94504663,0.94258240,0.99772834,1.00261434,0.99988613
flat-field-19,3,10,0.90759804,0.91085271,0.91088581,0.91454500,0.91086926,0.99640868,1.00403542,0.99996367
flat-field-19,3,11,0.86446078,0.86848436,0.86859658,0.87471641,0.86854047,0.99530282,1.00711071,0.99987080
flat-field-19,3,12,0.81470588,0.82117081,0.82123799,0.82959415,0.82120440,0.99208660,1.01021640,0.99991819
flat-field-19,3,13,0.75490196,0.76276397,0.76267343,0.77438871,0.76271870,0.98975148,1.01530054,1.00011872
flat-field-19,3,14,0.68284314,0.69165998,0.69143543,0.70708344,0.69154771,0.98741291,1.02246516,1.00032476
flat-field-19,3,15,0.64142157,0.65209837,0.65154749,0.67128813,0.65182293,0.98404266,1.02986271,1.00084549
flat-field-19,4,0,0.60098039,0.61173483,0.61112593,0.62717419,0.61143038,0.98290895,1.02574914,1.00099635
flat-field-19,4,1,0.68284314,0.69165998,0.69143543,0.70531888,0.69154771,0.98741291,1.01991355,1.00032476
flat-field-19,4,2,0.75269608,0.75982358,0.75947172,0.77136375,0.75964765,0.99084896,1.01542308,1.00046329
flat-field-19,4,3,0.81887255,0.82491312,0.82470651,0.83337535,0.82480982,0.99280165,1.01038485,1.00025053
flat-field-19,4,4,0.88553922,0.88906709,0.88900747,0.89538694,0.88903728,0.99606533,1.00714217,1.00006707
flat-field-19,4,5,0.93529412,0.93785084,0.93770011,0.94151752,0.93777547,0.99735400,1.00399034,1.00016075
flat-field-19,4,6,0.96519608,0.96631917,0.96638207,0.96874212,0.96635062,0.99880526,1.00247478,0.99993491
flat-field-19,4,7,0.98823529,0.98863940,0.98866062,0.98916057,0.98865001,0.99958052,1.00051643,0.99997854
flat-field-19,4,8,0.98602941,0.98623363,0.98652615,0.98714394,0.98637989,0.99964469,1.00077460,0.99970348
flat-field-19,4,9,0.96691176,0.96805667,0.96824973,0.96949836,0.96815320,0.99871773,1.00138941,0.99980061
flat-field-19,4,10,0.93112745,0.93303929,0.93329776,0.93597177,0.93316853,0.99781275,1.00300400,0.99972306
flat-field-19,4,11,0.88382353,0.88732959,0.88740662,0.89210991,0.88736810,0.99600552,1.00534367,0.99991320
flat-field-19,4,12,0.83014706,0.83560545,0.83564568,0.84295437,0.83562557,0.99344383,1.00877045,0.99995186
flat-field-19,4,13,0.77303922,0.78067362,0.78041622,0.79052180,0.78054492,0.99038402,1.01278195,1.00032982
flat-field-19,4,14,0.70245098,0.71144079,0.71131270,0.72573733,0.71137675,0.98745283,1.02018704,1.00018008
flat-field-19,4,15,0.63578431,0.64595028,0.64554429,0.66422990,0.64574729,0.98457141,1.02862205,1.00062891
flat-field-19,5,0,0.61176471,0.62229350,0.62153148,0.63725737,0.62191249,0.98368293,1.02467370,1.00122604
flat-field-19,5,1,0.69044118,0.69994654,0.69890608,0.71262919,0.69942631,0.98715357,1.01887673,1.00148869
flat-field-19,5,2,0.76151961,0.76891206,0.76840982,0.77943030,0.76866094,0.99070939,1.01401055,1.00065361
flat-field-19,5,3,0.82990196,0.83614007,0.83577908,0.84371061,0.83595958,0.99275370,1.00927202,1.00043192
flat-field-19,5,4,0.89509804,0.89855654,0.89821238,0.90370557,0.89838446,0.99634186,1.00592298,1.00038316
flat-field-19,5,5,0.94411765,0.94667201,0.94637140,0.94933199,0.94652171,0.99746011,1.00296906,1.00031765
flat-field-19,5,6,0.98039216,0.98142208,0.98118997,0.98285858,0.98130602,0.99906872,1.00158214,1.00023656
flat-field-19,5,7,1.00049020,1.00053462,1.00053362,1.00025208,1.00053412,0.99995610,0.99971811,1.00000100
flat-field-19,5,8,0.99754902,0.99786153,0.99799893,0.99823544,0.99793023,0.99961800,1.00030584,0.99986233
flat-field-19,5,9,0.97720588,0.97794707,0.97798826,0.97882531,0.97796767,0.99922105,1.00087696,0.99995789
flat-field-19,5,10,0.94191176,0.94359797,0.94356990,0.94605495,0.94358394,0.99822785,1.00261876,1.00002974
flat-field-19,5,11,0.89362745,0.89681903,0.89687834,0.90093269,0.89684868,0.99640828,1.00455373,0.99993388
flat-field-19,5,12,0.83602941,0.84135258,0.84124867,0.84799597,0.84130062,0.99373445,1.00795833,1.00012352
flat-field-19,5,13,0.77769608,0.78535151,0.78508538,0.79505924,0.78521844,0.99042003,1.01253256,1.00033898
flat-field-19,5,14,0.71225490,0.72079658,0.72078442,0.73506428,0.72079050,0.98815801,1.01980296,1.00001687
flat-field-19,5,15,0.63284314,0.64194066,0.64167556,0.65969246,0.64180811,0.98603169,1.02786558,1.00041313
flat-field-19,6,0,0.61053922,0.62149158,0.62086446,0.63599698,0.62117802,0.98287318,1.02385621,1.00101007
flat-field-19,6,1,0.69044118,0.69941192,0.69877268,0.71212503,0.69909230,0.98762521,1.01864236,1.00091481
flat-field-19,6,2,0.76127451,0.76877840,0.76814301,0.77867406,0.76846071,0.99064858,1.01329067,1.00082718
flat-field-19,6,3,0.82867647,0.83426891,0.83337780,0.84169398,0.83382336,0.99382737,1.00943919,1.00106928
flat-field-19,6,4,0.89166667,0.89534884,0.89501067,0.89916814,0.89517975,0.99607555,1.00445540,1.00037783
flat-field-19,6,5,0.94509804,0.94720663,0.94677161,0.94882783,0.94698912,0.99800306,1.00194164,1.00045947
flat-field-19,6,6,0.97769608,0.97874900,0.97852188,0.97958155,0.97863544,0.99904013,1.00096676,1.00023210
flat-field-19,6,7,0.99460784,0.99505480,0.99453042,0.99470633,0.99479261,0.99981427,0.99991327,1.00052727
flat-field-19,6,8,0.99289216,0.99345095,0.99319637,0.99319385,0.99332366,0.99956560,0.99986932,1.00025632
flat-field-19,6,9,0.97549020,0.97607592,0.97598719,0.97680867,0.97603155,0.99944535,1.00079620,1.00009091
flat-field-19,6,10,0.93848039,0.94025662,0.94036820,0.94252584,0.94031241,0.99805170,1.00235393,0.99988134
flat-field-19,6,11,0.88970588,0.89334403,0.89300961,0.89715150,0.89317682,0.99611395,1.00445005,1.00037449
flat-field-19,6,12,0.83186275,0.83734296,0.83711313,0.84421477,0.83722804,0.99359159,1.00834507,1.00027455
flat-field-19,6,13,0.77328431,0.78013900,0.77974920,0.79026973,0.77994410,0.99146120,1.01323893,1.00049991
flat-field-19,6,14,0.71127451,0.71972735,0.71945037,0.73329972,0.71958886,0.98844569,1.01905375,1.00038498
flat-field-19,6,15,0.63455882,0.64381182,0.64354322,0.66070078,0.64367752,0.98583344,1.02644688,1.00041736
flat-field-19,7,0,0.59877451,0.60999733,0.60885806,0.62414923,0.60942769,0.98251937,1.02415633,1.00187116
flat-field-19,7,1,0.68284314,0.69206095,0.69143543,0.70481472,0.69174819,0.98712674,1.01888915,1.00090466
flat-field-19,7,2,0.75196078,0.75955627,0.75893810,0.76959919,0.75924718,0.99040313,1.01363457,1.00081452
flat-field-19,7,3,0.81740196,0.82304197,0.82243863,0.83085455,0.82274030,0.99351151,1.00986247,1.00073359
flat-field-19,7,4,0.87647059,0.88024592,0.87980256,0.88404336,0.88002424,0.99596187,1.00456705,1.00050393
flat-field-19,7,5,0.92916667,0.93063352,0.93022946,0.93042601,0.93043149,0.99864061,0.99999412,1.00043437
flat-field-19,7,6,0.96151961,0.96311147,0.96264674,0.96445677,0.96287911,0.99858809,1.00163848,1.00048276
flat-field-19,7,7,0.97745098,0.97781342,0.97758805,0.97857323,0.97770073,0.99974455,1.00089240,1.00023054
flat-field-19,7,8,0.97647059,0.97701149,0.97692102,0.97731283,0.97696626,0.99949264,1.00035474,1.00009261
flat-field-19,7,9,0.95931373,0.96043839,0.96024546,0.96168389,0.96034192,0.99892934,1.00139738,1.00020091
flat-field-19,7,10,0.92254902,0.92475274,0.92462647,0.92714898,0.92468960,0.99768508,1.00265968,1.00013657
flat-field-19,7,11,0.87720588,0.88064689,0.88046958,0.88530376,0.88055823,0.99619292,1.00538922,1.00020137
flat-field-19,7,12,0.81813725,0.82357658,0.82337247,0.83085455,0.82347452,0.99351860,1.00896206,1.00024791
flat-field-19,7,13,0.76078431,0.76784282,0.76747599,0.77791782,0.76765940,0.99104409,1.01336324,1.00047798
flat-field-19,7,14,0.69877451,0.70703021,0.70691035,0.72094782,0.70697028,0.98840719,1.01977104,1.00016955
flat-field-19,7,15,0.62598039,0.63458968,0.63433831,0.65213007,0.63446400,0.98662870,1.02784409,1.00039627
flat-field-19,8,0,0.55784314,0.56883186,0.56776948,0.58179985,0.56830067,0.98159859,1.02375359,1.00187116
flat-field-19,8,1,0.66544118,0.67468591,0.67409285,0.68792538,0.67438938,0.98673140,1.02007150,1.00087979
flat-field-19,8,2,0.73431373,0.74231489,0.74159552,0.75245778,0.74195520,0.98970089,1.01415527,1.00097003
flat-field-19,8,3,0.79754902,0.80326116,0.80269477,0.81169650,0.80297797,0.99323899,1.01085775,1.00070561
flat-field-19,8,4,0.85441176,0.85886127,0.85819104,0.86463322,0.85852615,0.99520762,1.00711344,1.00078098
flat-field-19,8,5,0.89975490,0.90310078,0.90261473,0.90673053,0.90285775,0.99656330,1.00428946,1.00053849
flat-field-19,8,6,0.93259804,0.93477680,0.93423159,0.93698009,0.93450419,0.99796025,1.00264942,1.00058359
flat-field-19,8,7,0.94779412,0.94961240,0.94930630,0.95134863,0.94945935,0.99824613,1.00198984,1.00032245
flat-field-19,8,8,0.94534314,0.94680567,0.94623799,0.94807159,0.94652183,0.99875471,1.00163732,1.00059993
flat-field-19,8,9,0.92818627,0.92983160,0.92902882,0.93143433,0.92943021,0.99866162,1.00215630,1.00086411
flat-field-19,8,10,0.89656863,0.89922481,0.89901281,0.90244517,0.89911881,0.99716369,1.00369958,1.00023581
flat-field-19,8,11,0.85343137,0.85779203,0.85725720,0.86286867,0.85752462,0.99522667,1.00623195,1.00062389
flat-field-19,8,12,0.79877451,0.80513232,0.80469584,0.81220066,0.80491408,0.99237239,1.00905262,1.00054242
flat-field-19,8,13,0.74117647,0.74913125,0.74853255,0.75976809,0.74883190,0.98977684,1.01460433,1.00079983
flat-field-19,8,14,0.67745098,0.68618017,0.68569904,0.70027729,0.68593960,0.98762483,1.02090226,1.00070166
flat-field-19,8,15,0.60196078,0.61120021,0.61112593,0.62868666,0.61116307,0.98494299,1.02867253,1.00012155
flat-field-19,9,0,0.50465686,0.51630580,0.51520811,0.53188808,0.51575696,0.97847805,1.03127659,1.00213058
flat-field-19,9,1,0.57867647,0.58914729,0.58804696,0.60272246,0.58859712,0.98314526,1.02399831,1.00187116
flat-field-19,9,2,0.70906863,0.71692061,0.71611526,0.72825813,0.71651794,0.98960346,1.01638507,1.00112461
flat-field-19,9,3,0.76985294,0.77546111,0.77481323,0.78497605,0.77513717,0.99318285,1.01269309,1.00083617
flat-field-19,9,4,0.82328431,0.82798717,0.82724120,0.83564406,0.82761418,0.99476825,1.00970245,1.00090176
flat-field-19,9,5,0.86446078,0.86888532,0.86832978,0.87446433,0.86860755,0.99522596,1.00674272,1.00063979
flat-field-19,9,6,0.89387255,0.89735365,0.89647812,0.90093269,0.89691589,0.99660689,1.00447847,1.00097663
flat-field-19,9,7,0.90857843,0.91085271,0.91021878,0.91378876,0.91053575,0.99785037,1.00357263,1.00069646
flat-field-19,9,8,0.90416667,0.90630847,0.90581644,0.90874716,0.90606245,0.99790766,1.00296305,1.00054320
flat-field-19,9,9,0.88970588,0.89240845,0.89207577,0.89563902,0.89224211,0.99715747,1.00380716,1.00037292
flat-field-19,9,10,0.86200980,0.86567763,0.86526147,0.87017898,0.86546955,0.99600246,1.00544147,1.00048096
flat-field-19,9,11,0.82083333,0.82598236,0.82537353,0.83211495,0.82567795,0.99413256,1.00779602,1.00073764
flat-field-19,9,12,0.77132353,0.77800053,0.77734792,0.78674061,0.77767423,0.99183373,1.01165833,1.00083954
flat-field-19,9,13,0.71544118,0.72346966,0.72265208,0.73506428,0.72306087,0.98946189,1.01660083,1.00113136
flat-field-19,9,14,0.65147059,0.65971665,0.65915155,0.67481724,0.65943410,0.98792372,1.02332779,1.00085732
flat-field-19,9,15,0.57696078,0.58540497,0.58484525,0.60347870,0.58512511,0.98604687,1.03136695,1.00095704
flat-field-19,10,0,0.48774510,0.49959904,0.49853255,0.51323418,0.49906579,0.97731623,1.02838982,1.00213925
flat-field-19,10,1,0.56470588,0.57444534,0.57363927,0.58734560,0.57404230,0.98373565,1.02317477,1.00140517
flat-field-19,10,2,0.67377451,0.68150227,0.68049626,0.69447946,0.68099927,0.98939095,1.01979472,1.00147834
flat-field-19,10,3,0.73210784,0.73870623,0.73786019,0.75018906,0.73828321,0.99163550,1.01612640,1.00114661
flat-field-19,10,4,0.78112745,0.78655440,0.78575240,0.79606756,0.78615340,0.99360691,1.01261097,1.00102067
flat-field-19,10,5,0.81960784,0.82424485,0.82323906,0.83161079,0.82374196,0.99498130,1.00955254,1.00122175
flat-field-19,10,6,0.84607843,0.85030740,0.84938634,0.85606252,0.84984687,0.99556574,1.00731384,1.00108439
flat-field-19,10,7,0.85833333,0.86166800,0.86099253,0.86664986,0.86133027,0.99652058,1.00617602,1.00078453
flat-field-19,10,8,0.85710784,0.85993050,0.85925827,0.86488530,0.85959439,0.99710731,1.00615513,1.00078234
flat-field-19,10,9,0.84411765,0.84750067,0.84685165,0.85278548,0.84717616,0.99638975,1.00662120,1.00076638
flat-field-19,10,10,0.82009804,0.82411120,0.82337247,0.83060247,0.82374183,0.99557653,1.00832863,1.00089721
flat-field-19,10,11,0.78382353,0.78855921,0.78802028,0.79732796,0.78828974,0.99433430,1.01146560,1.00068391
flat-field-19,10,12,0.73725490,0.74325047,0.74266275,0.75422233,0.74295661,0.99232565,1.01516337,1.00079136
flat-field-19,10,13,0.68235294,0.68952152,0.68916756,0.70330224,0.68934454,0.98985762,1.02024779,1.00051361
flat-field-19,10,14,0.61813725,0.62616947,0.62580043,0.64204689,0.62598495,0.98746344,1.02565866,1.00058972
flat-field-19,10,15,0.55147059,0.55934242,0.55909819,0.57852281,0.55922030,0.98614193,1.03451683,1.00043684
flat-field-19,11,0,0.47034314,0.48035285,0.47985592,0.49659692,0.48010438,0.97966849,1.03435199,1.00103557
flat-field-19,11,1,0.56004902,0.56896552,0.56763607,0.58482480,0.56830079,0.98547992,1.02907617,1.00234207
flat-field-19,11,2,0.62843137,0.63619353,0.63527215,0.65086967,0.63573284,0.98851488,1.02381006,1.00145038
flat-field-19,11,3,0.68504902,0.69192729,0.69103522,0.70506680,0.69148126,0.99069789,1.01964702,1.00129092
flat-field-19,11,4,0.73431373,0.74044373,0.73932764,0.75094530,0.73988569,0.99246916,1.01494773,1.00150960
flat-field-19,11,5,0.77205882,0.77679765,0.77588047,0.78522813,0.77633906,0.99448664,1.01144999,1.00118211
flat-field-19,11,6,0.79705882,0.80125635,0.80056030,0.80841946,0.80090832,0.99519358,1.00937827,1.00086945
flat-field-19,11,7,0.80735294,0.81101310,0.81016542,0.81724225,0.81058926,0.99600745,1.00820760,1.00104630
flat-field-19,11,8,0.80735294,0.81074579,0.81003202,0.81724225,0.81038890,0.99625370,1.00845686,1.00088117
flat-field-19,11,9,0.79534314,0.79911788,0.79829242,0.80640282,0.79870515,0.99579067,1.00963769,1.00103403
flat-field-19,11,10,0.77475490,0.77866881,0.77774813,0.78699269,0.77820847,0.99556216,1.01128775,1.00118377
flat-field-19,11,11,0.74166667,0.74659182,0.74559765,0.75649105,0.74609474,0.99406500,1.01393431,1.00133338
flat-field-19,11,12,0.69632353,0.70168404,0.70090715,0.71414167,0.70129560,0.99291017,1.01831763,1.00110841
flat-field-19,11,13,0.64240196,0.64889067,0.64821238,0.66372574,0.64855153,0.99051800,1.02339708,1.00104640
flat-field-19,11,14,0.58039216,0.58740978,0.58657951,0.60473910,0.58699465,0.98875204,1.03022932,1.00141545
flat-field-19,11,15,0.51004902,0.51764234,0.51720918,0.53692967,0.51742576,0.98574338,1.03769412,1.00083750
flat-field-20,0,0,0.50084480,0.51186709,0.51145340,0.53027660,0.51166024,0.97886206,1.03638422,1.00080886
flat-field-20,0,1,0.56915279,0.57937764,0.57925224,0.59705956,0.57931494,0.98245833,1.03063035,1.00021648
flat-field-20,0,2,0.64904658,0.65743671,0.65758294,0.67405931,0.65750982,0.98712835,1.02516994,0.99977763
flat-field-20,0,3,0.69997586,0.70622363,0.70681938,0.71966110,0.70652150,0.99073540,1.01859759,0.99915714
flat-field-20,0,4,0.76442192,0.76938291,0.76974724,0.78096187,0.76956507,0.99331680,1.01480940,0.99952670
flat-field-20,0,5,0.79990345,0.80551160,0.80634544,0.81460254,0.80592852,0.99252406,1.01076276,0.99896590
flat-field-20,0,6,0.80545498,0.81197257,0.81253291,0.82108149,0.81225274,0.99163098,1.01086945,0.99931038
flat-field-20,0,7,0.81679942,0.82291667,0.82359136,0.83005233,0.82325402,0.99215966,1.00825786,0.99918079
flat-field-20,0,8,0.81535119,0.82080696,0.82161664,0.82706205,0.82121180,0.99286347,1.00712392,0.99901453
flat-field-20,0,9,0.80135168,0.80722574,0.80818852,0.81485173,0.80770713,0.99213149,1.00884554,0.99880872
flat-field-20,0,10,0.77721458,0.78362342,0.78436019,0.79317219,0.78399180,0.99135549,1.01170980,0.99906067
flat-field-20,0,11,0.74438812,0.75131857,0.75210637,0.76277099,0.75171247,0.99025646,1.01471111,0.99895253
flat-field-20,0,12,0.69852764,0.70661920,0.70708268,0.72065786,0.70685094,0.98822482,1.01953301,0.99934452
flat-field-20,0,13,0.63794352,0.64649262,0.64705108,0.66334413,0.64677185,0.98635017,1.02562308,0.99913691
flat-field-20,0,14,0.59015206,0.60152954,0.60163244,0.62148019,0.60158099,0.98100185,1.03307818,0.99982896
flat-field-20,0,15,0.61911658,0.63357068,0.63256977,0.66110142,0.63307022,0.97795878,1.04427818,1.00158228
flat-field-20,1,0,0.53318851,0.54456751,0.54410216,0.56242213,0.54433483,0.97952304,1.03322825,1.00085526
flat-field-20,1,1,0.60753077,0.61774789,0.61756187,0.63443808,0.61765488,0.98360880,1.02717245,1.00030121
flat-field-20,1,2,0.67801110,0.68644515,0.68667720,0.70122103,0.68656117,0.98754653,1.02135259,0.99966207
flat-field-20,1,3,0.73907796,0.74525316,0.74539231,0.75679043,0.74532274,0.99162138,1.01538621,0.99981332
flat-field-20,1,4,0.80786869,0.81289557,0.81292786,0.82232744,0.81291171,0.99379635,1.01158271,0.99996028
flat-field-20,1,5,0.84383297,0.84836498,0.84873618,0.85596810,0.84855058,0.99444039,1.00874141,0.99956265
flat-field-20,1,6,0.85541878,0.86115506,0.86163770,0.86792923,0.86139638,0.99306056,1.00758402,0.99943986
flat-field-20,1,7,0.87086652,0.87565928,0.87638231,0.88088712,0.87602079,0.99411627,1.00555503,0.99917499
flat-field-20,1,8,0.86941830,0.87407700,0.87480253,0.87889360,0.87443977,0.99425750,1.00509335,0.99917064
flat-field-20,1,9,0.85759112,0.86234177,0.86321748,0.86817842,0.86277963,0.99398629,1.00625744,0.99898553
flat-field-20,1,10,0.83007483,0.83491561,0.83596630,0.84251184,0.83544095,0.99357689,1.00846365,0.99874315
flat-field-20,1,11,0.79338643,0.79957806,0.80015798,0.80887117,0.79986802,0.99189668,1.01125579,0.99927524
flat-field-20,1,12,0.74656046,0.75408755,0.75487098,0.76625966,0.75447927,0.98950428,1.01561393,0.99896216
flat-field-20,1,13,0.68645909,0.69501582,0.69576093,0.71019188,0.69538837,0.98715928,1.02128811,0.99892908
flat-field-20,1,14,0.63287473,0.64293249,0.64310163,0.66135061,0.64301706,0.98422696,1.02851176,0.99973699
flat-field-20,1,15,0.65049481,0.66389768,0.66377041,0.69000748,0.66383404,0.97990577,1.03942768,1.00019174
flat-field-20,2,0,0.56239440,0.57383966,0.57319642,0.59033142,0.57351804,0.98060455,1.02931622,1.00112220
flat-field-20,2,1,0.64180545,0.65110759,0.65100053,0.66708198,0.65105406,0.98579441,1.02461842,1.00016447
flat-field-20,2,2,0.71011344,0.71795886,0.71761453,0.73162223,0.71778670,0.98930984,1.01927527,1.00047982
flat-field-20,2,3,0.77383538,0.77979958,0.77975250,0.79117867,0.77977604,0.99238159,1.01462295,1.00006037
flat-field-20,2,4,0.84286749,0.84678270,0.84702475,0.85522053,0.84690373,0.99523412,1.00982025,0.99971424
flat-field-20,2,5,0.88510741,0.88871308,0.88915219,0.89459257,0.88893263,0.99569684,1.00636712,0.99950615
flat-field-20,2,6,0.90152064,0.90572257,0.90573986,0.91004236,0.90573122,0.99535118,1.00475985,0.99998091
flat-field-20,2,7,0.91865798,0.92128165,0.92193260,0.92474458,0.92160712,0.99680000,1.00340433,0.99929393
flat-field-20,2,8,0.91624427,0.91904008,0.91943128,0.92225268,0.91923568,0.99674576,1.00328207,0.99957452
flat-field-20,2,9,0.90393435,0.90690928,0.90745129,0.91128831,0.90718029,0.99642195,1.00452835,0.99940271
flat-field-20,2,10,0.87376297,0.87763713,0.87809373,0.88312983,0.87786543,0.99532678,1.00599681,0.99948001
flat-field-20,2,11,0.83466087,0.83966245,0.84017904,0.84699726,0.83992074,0.99373766,1.00842522,0.99938514
flat-field-20,2,12,0.78590393,0.79272152,0.79318062,0.80289061,0.79295107,0.99111277,1.01253487,0.99942119
flat-field-20,2,13,0.72604393,0.73444093,0.73459716,0.74781959,0.73451904,0.98846168,1.01810783,0.99978733
flat-field-20,2,14,0.65580497,0.66416139,0.66429700,0.68203339,0.66422920,0.98731729,1.02680430,0.99979587
flat-field-20,2,15,0.65242578,0.66429325,0.66363876,0.68726638,0.66396600,0.98261925,1.03509273,1.00098622
flat-field-20,3,0,0.58411779,0.59427743,0.59386519,0.61151258,0.59407131,0.98324524,1.02935889,1.00069415
flat-field-20,3,1,0.66618392,0.67536920,0.67509215,0.69050586,0.67523068,0.98660198,1.02262217,1.00041038
flat-field-20,3,2,0.73594014,0.74327532,0.74315429,0.75604286,0.74321480,0.99021190,1.01726023,1.00016285
flat-field-20,3,3,0.79869660,0.80472046,0.80450237,0.81460254,0.80461142,0.99264885,1.01241733,1.00027109
flat-field-20,3,4,0.86869418,0.87236287,0.87230121,0.87989036,0.87233204,0.99582973,1.00866449,1.00007068
flat-field-20,3,5,0.91576153,0.91877637,0.91903633,0.92399701,0.91890635,0.99657764,1.00553991,0.99971713
flat-field-20,3,6,0.93941588,0.94185127,0.94207478,0.94517817,0.94196302,0.99729592,1.00341324,0.99976275
flat-field-20,3,7,0.95896693,0.96044304,0.96076883,0.96262148,0.96060593,0.99829379,1.00209821,0.99966091
flat-field-20,3,8,0.95703596,0.95846519,0.95905740,0.96037877,0.95876129,0.99820046,1.00168705,0.99938251
flat-field-20,3,9,0.94134685,0.94303797,0.94352291,0.94592574,0.94328044,0.99795014,1.00280436,0.99948604
flat-field-20,3,10,0.90827902,0.91126055,0.91179568,0.91552455,0.91152812,0.99643556,1.00438432,0.99941310
flat-field-20,3,11,0.86507362,0.86906646,0.86953660,0.87565412,0.86930153,0.99513643,1.00730770,0.99945932
flat-field-20,3,12,0.81535119,0.82186181,0.82214323,0.83030152,0.82200252,0.99190838,1.01009607,0.99965770
flat-field-20,3,13,0.75549119,0.76331751,0.76369142,0.77523050,0.76350446,0.98950461,1.01535818,0.99951040
flat-field-20,3,14,0.68307989,0.69211498,0.69207478,0.70769998,0.69209488,0.98697435,1.02254763,1.00005809
flat-field-20,3,15,0.64397779,0.65453586,0.65429173,0.67405931,0.65441380,0.98405290,1.03002001,1.00037312
flat-field-20,4,0,0.60101376,0.61207806,0.61150606,0.62746075,0.61179206,0.98238241,1.02561115,1.00093540
flat-field-20,4,1,0.68283852,0.69198312,0.69181148,0.70570645,0.69189730,0.98690734,1.01995839,1.00024811
flat-field-20,4,2,0.75307748,0.75988924,0.75974197,0.77149265,0.75981560,0.99113189,1.01536826,1.00019384
flat-field-20,4,3,0.81897176,0.82489451,0.82490785,0.83379018,0.82490118,0.99281196,1.01077584,0.99998384
flat-field-20,4,4,0.88607289,0.88989979,0.88967878,0.89583852,0.88978928,0.99582329,1.00679851,1.00024842
flat-field-20,4,5,0.93531258,0.93776371,0.93799368,0.94193870,0.93787870,0.99726391,1.00432892,0.99975483
flat-field-20,4,6,0.96572532,0.96664030,0.96669300,0.96885123,0.96666665,0.99902621,1.00225992,0.99994548
flat-field-20,4,7,0.98841419,0.98879219,0.98894155,0.98953401,0.98886687,0.99954223,1.00067465,0.99984898
flat-field-20,4,8,0.98600048,0.98641878,0.98696682,0.98754049,0.98669280,0.99929835,1.00085913,0.99944471
flat-field-20,4,9,0.96717355,0.96835443,0.96866772,0.97009718,0.96851108,0.99861898,1.00163768,0.99967658
flat-field-20,4,10,0.93120927,0.93328059,0.93391259,0.93645652,0.93359659,0.99744288,1.00306334,0.99932328
flat-field-20,4,11,0.88438330,0.88792194,0.88809900,0.89309743,0.88801047,0.99591539,1.00572849,0.99980063
flat-field-20,4,12,0.83055757,0.83610232,0.83649289,0.84350860,0.83629761,0.99313637,1.00862252,0.99953309
flat-field-20,4,13,0.77383538,0.78125000,0.78133228,0.79142786,0.78129114,0.99045714,1.01297432,0.99989469
flat-field-20,4,14,0.70311369,0.71176160,0.71195366,0.72663843,0.71185763,0.98771672,1.02076369,0.99973024
flat-field-20,4,15,0.63770215,0.64767932,0.64757767,0.66583603,0.64762850,0.98467277,1.02811416,1.00015697
flat-field-20,5,0,0.61163408,0.62223101,0.62151132,0.63692998,0.62187117,0.98353825,1.02421532,1.00115797
flat-field-20,5,1,0.69056239,0.69949895,0.69892048,0.71243459,0.69920971,0.98763272,1.01891403,1.00082765
flat-field-20,5,2,0.76152546,0.76872363,0.76843075,0.77971592,0.76857719,0.99082496,1.01449267,1.00038113
flat-field-20,5,3,0.83031620,0.83610232,0.83557135,0.84400698,0.83583684,0.99339507,1.00977480,1.00063545
flat-field-20,5,4,0.89524499,0.89847046,0.89876251,0.90381261,0.89861649,0.99624813,1.00578236,0.99967506
flat-field-20,5,5,0.94376056,0.94646624,0.94641917,0.94941440,0.94644271,0.99716608,1.00313986,1.00004974
flat-field-20,5,6,0.98044895,0.98127637,0.98117430,0.98255669,0.98122534,0.99920876,1.00135683,1.00010403
flat-field-20,5,7,1.00000000,1.00039557,1.00052659,1.00049838,1.00046108,0.99953913,1.00003728,0.99986905
flat-field-20,5,8,0.99758629,0.99775844,0.99815692,0.99825567,0.99795768,0.99962785,1.00029860,0.99960078
flat-field-20,5,9,0.97706976,0.97811181,0.97840969,0.97906803,0.97826075,0.99878254,1.00082522,0.99969555
flat-field-20,5,10,0.94207096,0.94343354,0.94391785,0.94642412,0.94367570,0.99829948,1.00291247,0.99948692
flat-field-20,5,11,0.89379677,0.89715190,0.89731438,0.90156990,0.89723314,0.99617003,1.00483348,0.99981893
flat-field-20,5,12,0.83683321,0.84164030,0.84215377,0.84849240,0.84189703,0.99398523,1.00783394,0.99939029
flat-field-20,5,13,0.77818006,0.78612869,0.78607162,0.79591328,0.78610015,0.98992483,1.01248330,1.00007261
flat-field-20,5,14,0.71300990,0.72151899,0.72169563,0.73560927,0.72160731,0.98808575,1.01940385,0.99975524
flat-field-20,5,15,0.63384021,0.64306435,0.64283834,0.66085223,0.64295134,0.98582921,1.02784175,1.00035158
flat-field-20,6,0,0.61090997,0.62170359,0.62111638,0.63668079,0.62140998,0.98310292,1.02457445,1.00094541
flat-field-20,6,1,0.69056239,0.69949895,0.69918378,0.71243459,0.69934136,0.98744680,1.01872222,1.00045076
flat-field-20,6,2,0.76128409,0.76898734,0.76829910,0.77896835,0.76864322,0.99042582,1.01343293,1.00089579
flat-field-20,6,3,0.82862660,0.83425633,0.83385993,0.84201346,0.83405813,0.99348783,1.00953810,1.00047538
flat-field-20,6,4,0.89210717,0.89570148,0.89547130,0.89957638,0.89558639,0.99611515,1.00445517,1.00025704
flat-field-20,6,5,0.94496741,0.94712553,0.94734071,0.94916521,0.94723312,0.99760808,1.00203973,0.99977286
flat-field-20,6,6,0.97803524,0.97890295,0.97880463,0.98006479,0.97885379,0.99916376,1.00123716,1.00010045
flat-field-20,6,7,0.99468984,0.99512131,0.99473407,0.99501620,0.99492769,0.99976094,1.00008896,1.00038929
flat-field-20,6,8,0.99300024,0.99327532,0.99354924,0.99377025,0.99341228,0.99958523,1.00036034,0.99972430
flat-field-20,6,9,0.97562153,0.97613397,0.97643497,0.97732370,0.97628447,0.99932096,1.00106448,0.99969174
flat-field-20,6,10,0.93893314,0.94040084,0.94075829,0.94293546,0.94057957,0.99824956,1.00250472,0.99962004
flat-field-20,6,11,0.88993483,0.89359177,0.89362823,0.89783205,0.89361000,0.99588728,1.00472471,0.99995921
flat-field-20,6,12,0.83248853,0.83781646,0.83780937,0.84475455,0.83781291,0.99364491,1.00828542,1.00000845
flat-field-20,6,13,0.77359401,0.78085443,0.78080569,0.79092948,0.78083006,0.99073288,1.01293421,1.00006243
flat-field-20,6,14,0.71180304,0.72020042,0.71998420,0.73411413,0.72009231,0.98848860,1.01947225,1.00030031
flat-field-20,6,15,0.63528844,0.64425105,0.64441811,0.66184899,0.64433458,0.98596048,1.02718216,0.99974076
flat-field-20,7,0,0.59932416,0.61023207,0.60966298,0.62521804,0.60994752,0.98258315,1.02503579,1.00093345
flat-field-20,7,1,0.68332126,0.69264241,0.69220642,0.70520807,0.69242441,0.98685322,1.01846217,1.00062984
flat-field-20,7,2,0.75259474,0.76002110,0.75947867,0.77049589,0.75974989,0.99058223,1.01414413,1.00071421
flat-field-20,7,3,0.81824765,0.82344409,0.82319642,0.83154747,0.82332026,0.99383884,1.00999273,1.00030087
flat-field-20,7,4,0.87714217,0.88080169,0.88085835,0.88487416,0.88083002,0.99581321,1.00459129,0.99993568
flat-field-20,7,5,0.92976104,0.93143460,0.93101632,0.93147271,0.93122546,0.99842743,1.00026551,1.00044927
flat-field-20,7,6,0.96210476,0.96387131,0.96366509,0.96511338,0.96376820,0.99827402,1.00139575,1.00021400
flat-field-20,7,7,0.97803524,0.97824367,0.97840969,0.97931722,0.97832668,0.99970210,1.00101248,0.99983032
flat-field-20,7,8,0.97706976,0.97771624,0.97761980,0.97807127,0.97766802,0.99938807,1.00041246,1.00009865
flat-field-20,7,9,0.96017379,0.96083861,0.96116377,0.96262148,0.96100119,0.99913902,1.00168604,0.99966170
flat-field-20,7,10,0.92324403,0.92523734,0.92548710,0.92823324,0.92536222,0.99771096,1.00310259,0.99973013
flat-field-20,7,11,0.87786628,0.88132911,0.88138494,0.88612011,0.88135703,0.99603935,1.00540426,0.99993666
flat-field-20,7,12,0.81921313,0.82423523,0.82411796,0.83179666,0.82417659,0.99397767,1.00924567,1.00014230
flat-field-20,7,13,0.76176684,0.76859177,0.76882570,0.77921754,0.76870873,0.99096940,1.01367073,0.99969574
flat-field-20,7,14,0.69949312,0.70780591,0.70800421,0.72215300,0.70790506,0.98811714,1.02012691,0.99971991
flat-field-20,7,15,0.62684045,0.63568038,0.63533439,0.65312734,0.63550738,0.98636219,1.02772580,1.00054458
flat-field-20,8,0,0.55756698,0.56856540,0.56753555,0.58160977,0.56805047,0.98154479,1.02386988,1.00181461
flat-field-20,8,1,0.66570118,0.67510549,0.67456556,0.68801395,0.67483552,0.98646435,1.01952836,1.00080040
flat-field-20,8,2,0.73473329,0.74248418,0.74196946,0.75305258,0.74222682,0.98990399,1.01458552,1.00069372
flat-field-20,8,3,0.79773111,0.80340190,0.80331754,0.81235983,0.80335972,0.99299367,1.01120309,1.00010502
flat-field-20,8,4,0.85445329,0.85878165,0.85847815,0.86518814,0.85862990,0.99513574,1.00763803,1.00035353
flat-field-20,8,5,0.89958967,0.90334916,0.90284360,0.90730127,0.90309638,0.99611702,1.00465608,1.00055996
flat-field-20,8,6,0.93217475,0.93473101,0.93457083,0.93770247,0.93465092,0.99735070,1.00326491,1.00017140
flat-field-20,8,7,0.94810524,0.94989451,0.94931543,0.95165711,0.94960497,0.99842068,1.00216105,1.00061000
flat-field-20,8,8,0.94520879,0.94672996,0.94668246,0.94816845,0.94670621,0.99841828,1.00154456,1.00005017
flat-field-20,8,9,0.92807145,0.92972046,0.92943655,0.93147271,0.92957850,0.99837877,1.00203771,1.00030547
flat-field-20,8,10,0.89645185,0.89939346,0.89915745,0.90281585,0.89927546,0.99686013,1.00393694,1.00026248
flat-field-20,8,11,0.85348781,0.85785865,0.85768826,0.86319462,0.85777345,0.99500376,1.00632004,1.00019867
flat-field-20,8,12,0.79893797,0.80524789,0.80489731,0.81285821,0.80507260,0.99238002,1.00967069,1.00043555
flat-field-20,8,13,0.74197441,0.74934072,0.74907846,0.76027909,0.74920959,0.99034292,1.01477491,1.00035010
flat-field-20,8,14,0.67801110,0.68631329,0.68641390,0.70047346,0.68636360,0.98783080,1.02055742,0.99985343
flat-field-20,8,15,0.60173787,0.60996835,0.60953133,0.62845751,0.60974984,0.98686023,1.03068089,1.00071698
flat-field-20,9,0,0.50446536,0.51569093,0.51487625,0.53127336,0.51528359,0.97900530,1.03103101,1.00158228
flat-field-20,9,1,0.58025585,0.59032173,0.58886256,0.60353850,0.58959214,0.98416483,1.02365424,1.00247795
flat-field-20,9,2,0.70866522,0.71664030,0.71603476,0.72813357,0.71633753,0.98928954,1.01646715,1.00084569
flat-field-20,9,3,0.76924934,0.77544831,0.77448657,0.78519811,0.77496744,0.99262149,1.01320141,1.00124178
flat-field-20,9,4,0.82283370,0.82739979,0.82688257,0.83553451,0.82714118,0.99479232,1.01014740,1.00062551
flat-field-20,9,5,0.86434951,0.86840717,0.86808847,0.87440817,0.86824782,0.99551014,1.00709516,1.00036713
flat-field-20,9,6,0.89355539,0.89675633,0.89639284,0.90082233,0.89657458,0.99663253,1.00473775,1.00040550
flat-field-20,9,7,0.90827902,0.91033755,0.90995261,0.91353102,0.91014508,0.99794972,1.00372023,1.00042304
flat-field-20,9,8,0.90393435,0.90611814,0.90573986,0.90879641,0.90592900,0.99779822,1.00316516,1.00041765
flat-field-20,9,9,0.88945209,0.89227321,0.89178515,0.89534014,0.89202918,0.99711098,1.00371172,1.00054728
flat-field-20,9,10,0.86193580,0.86537447,0.86519221,0.87042113,0.86528334,0.99613127,1.00593770,1.00021067
flat-field-20,9,11,0.82066136,0.82568565,0.82530279,0.83229504,0.82549422,0.99414549,1.00823848,1.00046391
flat-field-20,9,12,0.77118030,0.77742616,0.77711954,0.78644406,0.77727285,0.99216164,1.01179921,1.00039456
flat-field-20,9,13,0.71566498,0.72323312,0.72288046,0.73486170,0.72305679,0.98977699,1.01632639,1.00048785
flat-field-20,9,14,0.65121892,0.65941456,0.65916272,0.67480688,0.65928864,0.98775997,1.02353786,1.00038206
flat-field-20,9,15,0.57711803,0.58583861,0.58583465,0.60403688,0.58583663,0.98511770,1.03106711,1.00000676
flat-field-20,10,0,0.48781077,0.49973629,0.49894681,0.51333167,0.49934155,0.97690802,1.02801714,1.00158228
flat-field-20,10,1,0.56649771,0.57674051,0.57569774,0.58958385,0.57621912,0.98312896,1.02319384,1.00181132
flat-field-20,10,2,0.67439054,0.68209388,0.68127962,0.69548966,0.68168675,0.98929682,1.02024817,1.00119519
flat-field-20,10,3,0.73280232,0.73931962,0.73854660,0.75105906,0.73893311,0.99170318,1.01641007,1.00104667
flat-field-20,10,4,0.78204200,0.78705169,0.78659821,0.79715923,0.78682495,0.99392120,1.01313416,1.00057651
flat-field-20,10,5,0.82017861,0.82463080,0.82424961,0.83229504,0.82444020,0.99483093,1.00952748,1.00046248
flat-field-20,10,6,0.84672942,0.85087025,0.85031596,0.85671567,0.85059310,0.99545766,1.00719800,1.00065187
flat-field-20,10,7,0.85952209,0.86247363,0.86190100,0.86743085,0.86218731,0.99690876,1.00608167,1.00066438
flat-field-20,10,8,0.85734975,0.86036392,0.86032122,0.86568652,0.86034257,0.99652136,1.00621142,1.00004964
flat-field-20,10,9,0.84479846,0.84810127,0.84781464,0.85372539,0.84795795,0.99627399,1.00680156,1.00033808
flat-field-20,10,10,0.82041999,0.82476266,0.82398631,0.83154747,0.82437448,0.99520303,1.00870113,1.00094219
flat-field-20,10,11,0.78445571,0.78929325,0.78896788,0.79815599,0.78913056,0.99407594,1.01143718,1.00041240
flat-field-20,10,12,0.73762974,0.74393460,0.74341759,0.75504610,0.74367609,0.99186964,1.01528892,1.00069545
flat-field-20,10,13,0.68283852,0.69000527,0.68957346,0.70371293,0.68978937,0.98992324,1.02018524,1.00062621
flat-field-20,10,14,0.61742699,0.62592300,0.62572407,0.64191378,0.62582353,0.98658321,1.02571052,1.00031792
flat-field-20,10,15,0.55177408,0.55959916,0.55950500,0.57886868,0.55955208,0.98609959,1.03452154,1.00016828
flat-field-20,11,0,0.47212165,0.48206751,0.48104265,0.49838026,0.48155508,0.98041048,1.03493927,1.00213049
flat-field-20,11,1,0.56094617,0.56962025,0.56858873,0.58584600,0.56910449,0.98566464,1.02941728,1.00181418
flat-field-20,11,2,0.62901279,0.63713080,0.63612428,0.65213058,0.63662754,0.98803893,1.02435182,1.00158228
flat-field-20,11,3,0.68597635,0.69290612,0.69207478,0.70620483,0.69249045,0.99059323,1.01980444,1.00120123
flat-field-20,11,4,0.73521603,0.74116561,0.74025803,0.75205582,0.74071182,0.99258039,1.01531499,1.00122603
flat-field-20,11,5,0.77262853,0.77768987,0.77672459,0.78644406,0.77720723,0.99410878,1.01188463,1.00124276
flat-field-20,11,6,0.79773111,0.80208333,0.80147446,0.80936955,0.80177890,0.99495150,1.00946726,1.00075969
flat-field-20,11,7,0.80811007,0.81184072,0.81108478,0.81809120,0.81146275,0.99586834,1.00816853,1.00093201
flat-field-20,11,8,0.80786869,0.81157700,0.81068984,0.81834039,0.81113342,0.99597511,1.00888507,1.00109434
flat-field-20,11,9,0.79604152,0.79944620,0.79897314,0.80712684,0.79920967,0.99603589,1.00990624,1.00059208
flat-field-20,11,10,0.77528361,0.77927215,0.77883096,0.78818839,0.77905156,0.99516342,1.01172815,1.00056647
flat-field-20,11,11,0.74245716,0.74683544,0.74644550,0.75728881,0.74664047,0.99439715,1.01426167,1.00052240
flat-field-20,11,12,0.69659667,0.70187236,0.70129015,0.71467730,0.70158126,0.99289521,1.01866646,1.00083020
flat-field-20,11,13,0.64252957,0.64912975,0.64849921,0.66459008,0.64881448,0.99031324,1.02431451,1.00097230
flat-field-20,11,14,0.58073860,0.58781646,0.58741443,0.60553202,0.58761544,0.98829703,1.03049031,1.00068440
flat-field-20,11,15,0.50905141,0.51661392,0.51632438,0.53575878,0.51646915,0.98563759,1.03734905,1.00056078
flat-field-25,0,0,0.50320876,0.51447936,0.51363543,0.53268859,0.51405740,0.97889606,1.03624341,1.00164305
flat-field-25,0,1,0.57266893,0.58225508,0.58191511,0.60038685,0.58208510,0.98382339,1.03144171,1.00058423
flat-field-25,0,2,0.65005663,0.65824605,0.65798647,0.67582205,0.65811626,0.98775348,1.02690375,1.00039451
flat-field-25,0,3,0.70290676,0.70918053,0.70924749,0.72301741,0.70921401,0.99110670,1.01946295,0.99990559
flat-field-25,0,4,0.76632692,0.77100021,0.77158089,0.78297872,0.77129055,0.99356451,1.01515405,0.99924741
flat-field-25,0,5,0.80634202,0.81166564,0.81238466,0.82088975,0.81202515,0.99300128,1.01091665,0.99911492
flat-field-25,0,6,0.80860702,0.81515712,0.81587041,0.82437137,0.81551376,0.99153081,1.01086139,0.99912572
flat-field-25,0,7,0.81879955,0.82501540,0.82571253,0.83210832,0.82536397,0.99204664,1.00817137,0.99915573
flat-field-25,0,8,0.81615704,0.82152393,0.82243182,0.82785300,0.82197787,0.99291850,1.00714754,0.99889608
flat-field-25,0,9,0.80143450,0.80714726,0.80807874,0.81470019,0.80761300,0.99234968,1.00877549,0.99884729
flat-field-25,0,10,0.77614194,0.78209078,0.78326840,0.79226306,0.78267959,0.99164709,1.01224443,0.99849653
flat-field-25,0,11,0.74178935,0.74902444,0.74943613,0.76015474,0.74923028,0.99006857,1.01458090,0.99945067
flat-field-25,0,12,0.69535674,0.70301910,0.70371130,0.71721470,0.70336520,0.98861408,1.01969034,0.99901636
flat-field-25,0,13,0.63457909,0.64284247,0.64301825,0.65957447,0.64293036,0.98701061,1.02588788,0.99972664
flat-field-25,0,14,0.58550396,0.59683713,0.59708837,0.61470019,0.59696275,0.98080485,1.02971281,0.99957922
flat-field-25,0,15,0.59003398,0.60258780,0.60180439,0.62901354,0.60219609,0.97980372,1.04453275,1.00130177
flat-field-25,1,0,0.53491884,0.54610803,0.54582735,0.56363636,0.54596769,0.97976281,1.03236212,1.00051422
flat-field-25,1,1,0.60890902,0.61840214,0.61841296,0.63597679,0.61840755,0.98464035,1.02841046,0.99998250
flat-field-25,1,2,0.68063420,0.68864243,0.68874308,0.70406190,0.68869276,0.98829877,1.02231640,0.99985387
flat-field-25,1,3,0.74065685,0.74655987,0.74677056,0.75860735,0.74666521,0.99195307,1.01599397,0.99971787
flat-field-25,1,4,0.80785202,0.81269254,0.81279475,0.82282398,0.81274365,0.99398134,1.01240285,0.99987425
flat-field-25,1,5,0.84862212,0.85315260,0.85359852,0.86112186,0.85337556,0.99442984,1.00907724,0.99947759
flat-field-25,1,6,0.85730464,0.86280550,0.86344064,0.87001934,0.86312307,0.99325887,1.00798990,0.99926441
flat-field-25,1,7,0.87164968,0.87677141,0.87738364,0.88162476,0.87707752,0.99381144,1.00518453,0.99930221
flat-field-25,1,8,0.86976217,0.87410146,0.87471806,0.87891683,0.87440976,0.99468489,1.00515441,0.99929508
flat-field-25,1,9,0.85692714,0.86177860,0.86241542,0.86769826,0.86209701,0.99400315,1.00649724,0.99926159
flat-field-25,1,10,0.82899207,0.83384679,0.83473447,0.84100580,0.83429063,0.99364903,1.00804896,0.99893657
flat-field-25,1,11,0.79086448,0.79708359,0.79762149,0.80657640,0.79735254,0.99186299,1.01156811,0.99932562
flat-field-25,1,12,0.74367686,0.75066749,0.75148657,0.76286267,0.75107703,0.99014726,1.01569165,0.99891005
flat-field-25,1,13,0.68327671,0.69151777,0.69202379,0.70676983,0.69177078,0.98772127,1.02168211,0.99926878
flat-field-25,1,14,0.62136655,0.63072499,0.63030552,0.64951644,0.63051526,0.98549012,1.03013597,1.00066552
flat-field-25,1,15,0.62778407,0.63955638,0.63912241,0.66421663,0.63933939,0.98192615,1.03891085,1.00067900
flat-field-25,2,0,0.56360891,0.57445061,0.57391839,0.59187621,0.57418450,0.98158155,1.03081189,1.00092733
flat-field-25,2,1,0.64288411,0.65208462,0.65183514,0.66847195,0.65195988,0.98607925,1.02532682,1.00038272
flat-field-25,2,2,0.71196678,0.71944958,0.71929465,0.73346228,0.71937211,0.98970584,1.01958676,1.00021539
flat-field-25,2,3,0.77463194,0.78106387,0.78101292,0.79264990,0.78103840,0.99179751,1.01486676,1.00006524
flat-field-25,2,4,0.84182710,0.84637503,0.84621694,0.85454545,0.84629598,0.99471949,1.00974774,1.00018682
flat-field-25,2,5,0.88901472,0.89258575,0.89296699,0.89864603,0.89277637,0.99578658,1.00657462,0.99957306
flat-field-25,2,6,0.90222726,0.90675703,0.90690999,0.91102515,0.90683351,0.99492051,1.00462228,0.99983135
flat-field-25,2,7,0.91845980,0.92154446,0.92208325,0.92495164,0.92181386,0.99636146,1.00340393,0.99941569
flat-field-25,2,8,0.91581729,0.91887451,0.91921263,0.92224371,0.91904357,0.99648952,1.00348204,0.99963217
flat-field-25,2,9,0.90335976,0.90573013,0.90629485,0.91025145,0.90601249,0.99707208,1.00467870,0.99937689
flat-field-25,2,10,0.87202718,0.87594989,0.87656346,0.88162476,0.87625667,0.99517322,1.00612615,0.99930002
flat-field-25,2,11,0.83201208,0.83713288,0.83760509,0.84487427,0.83736898,0.99360270,1.00896294,0.99943625
flat-field-25,2,12,0.78293696,0.78927911,0.78982981,0.79922631,0.78955446,0.99161868,1.01224975,0.99930276
flat-field-25,2,13,0.72291431,0.73074553,0.73077712,0.74390716,0.73076133,0.98926186,1.01798923,0.99995678
flat-field-25,2,14,0.65156663,0.65947833,0.65983186,0.67698259,0.65965510,0.98773834,1.02626751,0.99946421
flat-field-25,2,15,0.63118158,0.64222633,0.64178798,0.66421663,0.64200716,0.98313792,1.03459382,1.00068301
flat-field-25,3,0,0.58474896,0.59498870,0.59462784,0.61237911,0.59480827,0.98308814,1.02954034,1.00060687
flat-field-25,3,1,0.66779917,0.67673033,0.67664548,0.69206963,0.67668791,0.98686435,1.02273090,1.00012541
flat-field-25,3,2,0.73763684,0.74471144,0.74472011,0.75783366,0.74471578,0.99049445,1.01761461,0.99998835
flat-field-25,3,3,0.80030200,0.80570959,0.80582325,0.81624758,0.80576642,0.99321836,1.01300769,0.99985895
flat-field-25,3,4,0.86787467,0.87163689,0.87164240,0.87891683,0.87163964,0.99568058,1.00834884,0.99999367
flat-field-25,3,5,0.91921480,0.92236599,0.92249334,0.92727273,0.92242966,0.99651479,1.00525034,0.99986195
flat-field-25,3,6,0.93997735,0.94249333,0.94279270,0.94584139,0.94264301,0.99717214,1.00339299,0.99968246
flat-field-25,3,7,0.95885240,0.96036147,0.96063154,0.96286267,0.96049650,0.99828827,1.00246348,0.99971887
flat-field-25,3,8,0.95658739,0.95810228,0.95858109,0.96015474,0.95834169,0.99816945,1.00189186,0.99950050
flat-field-25,3,9,0.93997735,0.94208256,0.94238261,0.94468085,0.94223259,0.99760650,1.00259836,0.99968161
flat-field-25,3,10,0.90637977,0.90963237,0.90998565,0.91373308,0.90980901,0.99623081,1.00431307,0.99961178
flat-field-25,3,11,0.86221216,0.86650236,0.86672135,0.87272727,0.86661185,0.99492310,1.00705670,0.99974734
flat-field-25,3,12,0.81200453,0.81803245,0.81833094,0.82630561,0.81818170,0.99245013,1.00992923,0.99963524
flat-field-25,3,13,0.75198188,0.75970425,0.75989338,0.77176015,0.75979881,0.98971184,1.01574277,0.99975112
flat-field-25,3,14,0.68063420,0.68884781,0.68874308,0.70444874,0.68879545,0.98815142,1.02272561,1.00015206
flat-field-25,3,15,0.63193658,0.64119942,0.64117285,0.66112186,0.64118614,0.98557430,1.03109194,1.00004144
flat-field-25,4,0,0.60135900,0.61162456,0.61082633,0.62746615,0.61122545,0.98385793,1.02657073,1.00130681
flat-field-25,4,1,0.68516421,0.69439310,0.69366414,0.70831721,0.69402862,0.98722761,1.02058791,1.00105089
flat-field-25,4,2,0.75500189,0.76175806,0.76173877,0.77369439,0.76174842,0.99114336,1.01568231,1.00002532
flat-field-25,4,3,0.82106455,0.82706921,0.82694279,0.83597679,0.82700600,0.99281571,1.01084730,1.00015288
flat-field-25,4,4,0.88637222,0.88991579,0.88968628,0.89632495,0.88980104,0.99614653,1.00733188,1.00025797
flat-field-25,4,5,0.93846735,0.94105566,0.94115235,0.94506770,0.94110400,0.99719834,1.00421175,0.99989726
flat-field-25,4,6,0.96602492,0.96713904,0.96760303,0.96982592,0.96737104,0.99860847,1.00253768,0.99952047
flat-field-25,4,7,0.98867497,0.98870405,0.98892762,0.98955513,0.98881583,0.99985755,1.00074765,0.99977392
flat-field-25,4,8,0.98603247,0.98603409,0.98667213,0.98723404,0.98635311,0.99967491,1.00089312,0.99935334
flat-field-25,4,9,0.96602492,0.96734442,0.96760303,0.96905222,0.96747373,0.99850248,1.00163156,0.99973273
flat-field-25,4,10,0.92978482,0.93181351,0.93254050,0.93539652,0.93217701,0.99743377,1.00345376,0.99922043
flat-field-25,4,11,0.88184220,0.88539741,0.88599549,0.89052224,0.88569645,0.99564834,1.00544859,0.99932497
flat-field-25,4,12,0.82748207,0.83302526,0.83288907,0.84023211,0.83295717,0.99342692,1.00873387,1.00016352
flat-field-25,4,13,0.76972442,0.77716163,0.77732212,0.78723404,0.77724188,0.99032804,1.01285592,0.99979354
flat-field-25,4,14,0.70064175,0.70856439,0.70863236,0.72340426,0.70859837,0.98877133,1.02089461,0.99990408
flat-field-25,4,15,0.62853907,0.63729719,0.63707197,0.65647969,0.63718458,0.98643171,1.03028183,1.00035352
flat-field-25,5,0,0.61230653,0.62292052,0.62230880,0.63829787,0.62261466,0.98344381,1.02518928,1.00098299
flat-field-25,5,1,0.69309173,0.70178681,0.70166086,0.71566731,0.70172384,0.98769872,1.01987032,1.00017951
flat-field-25,5,2,0.76443941,0.77141097,0.77076071,0.78259188,0.77108584,0.99138043,1.01492186,1.00084365
flat-field-25,5,3,0.83238958,0.83836517,0.83801517,0.84642166,0.83819017,0.99307963,1.00982056,1.00041765
flat-field-25,5,4,0.89580974,0.89936332,0.89932335,0.90522244,0.89934334,0.99607091,1.00653710,1.00004444
flat-field-25,5,5,0.94639487,0.94886014,0.94894402,0.95164410,0.94890208,0.99735777,1.00288968,0.99991160
flat-field-25,5,6,0.98112495,0.98213185,0.98195612,0.98336557,0.98204399,0.99906416,1.00134575,1.00017896
flat-field-25,5,7,1.00037750,1.00061614,1.00061513,1.00038685,1.00061564,0.99976201,0.99977135,1.00000101
flat-field-25,5,8,0.99735749,0.99753543,0.99794956,0.99806576,0.99774249,0.99961413,1.00032400,0.99958502
flat-field-25,5,9,0.97659494,0.97699733,0.97744515,0.97833656,0.97722124,0.99935910,1.00114131,0.99954185
flat-field-25,5,10,0.94073235,0.94249333,0.94258766,0.94506770,0.94254049,0.99808163,1.00268127,0.99989992
flat-field-25,5,11,0.89203473,0.89505032,0.89522247,0.89941973,0.89513640,0.99653498,1.00478512,0.99980770
flat-field-25,5,12,0.83389958,0.83918669,0.83924544,0.84564797,0.83921606,0.99366495,1.00766418,0.99993000
flat-field-25,5,13,0.77463194,0.78188540,0.78224318,0.79226306,0.78206429,0.99049649,1.01304083,0.99954262
flat-field-25,5,14,0.71007928,0.71862806,0.71847447,0.73268859,0.71855126,0.98820963,1.01967476,1.00021376
flat-field-25,5,15,0.62967157,0.63750257,0.63748206,0.65570600,0.63749231,0.98773203,1.02857083,1.00003217
flat-field-25,6,0,0.61155153,0.62209899,0.62107853,0.63752418,0.62158876,0.98385229,1.02563659,1.00164305
flat-field-25,6,1,0.69346923,0.70199220,0.70125077,0.71528046,0.70162148,0.98838085,1.01946774,1.00105729
flat-field-25,6,2,0.76368441,0.77100021,0.77076071,0.78143133,0.77088046,0.99066515,1.01368679,1.00031072
flat-field-25,6,3,0.83050208,0.83631136,0.83616978,0.84410058,0.83624057,0.99313775,1.00939922,1.00016932
flat-field-25,6,4,0.89316723,0.89710413,0.89665778,0.90135397,0.89688095,0.99585929,1.00498730,1.00049779
flat-field-25,6,5,0.94677237,0.94865475,0.94894402,0.95048356,0.94879939,0.99786359,1.00177505,0.99969517
flat-field-25,6,6,0.97848245,0.97946190,0.97929055,0.98104449,0.97937622,0.99908740,1.00170339,1.00017498
flat-field-25,6,7,0.99471499,0.99527624,0.99507894,0.99535783,0.99517759,0.99953516,1.00018112,1.00019827
flat-field-25,6,8,0.99244998,0.99281167,0.99282346,0.99303675,0.99281756,0.99962976,1.00022077,0.99998812
flat-field-25,6,9,0.97470744,0.97494352,0.97559975,0.97640232,0.97527164,0.99942149,1.00115935,0.99932735
flat-field-25,6,10,0.93808985,0.93920723,0.93971704,0.94197292,0.93946213,0.99853928,1.00267258,0.99945749
flat-field-25,6,11,0.88825972,0.89155884,0.89153168,0.89593810,0.89154526,0.99631478,1.00492722,1.00003047
flat-field-25,6,12,0.83012458,0.83528445,0.83514456,0.84294004,0.83521450,0.99390584,1.00924976,1.00016751
flat-field-25,6,13,0.77085693,0.77736702,0.77752717,0.78800774,0.77744709,0.99152333,1.01358375,0.99979402
flat-field-25,6,14,0.70932427,0.71739577,0.71744925,0.73152805,0.71742251,0.98871204,1.01966141,0.99992545
flat-field-25,6,15,0.63231408,0.64078866,0.64055772,0.65880077,0.64067319,0.98695261,1.02829459,1.00036053
flat-field-25,7,0,0.59984900,0.60957075,0.60898093,0.62553191,0.60927584,0.98452779,1.02668097,1.00096854
flat-field-25,7,1,0.68591921,0.69480386,0.69407423,0.70793037,0.69443904,0.98773135,1.01942766,1.00105124
flat-field-25,7,2,0.75500189,0.76257959,0.76194382,0.77292070,0.76226170,0.99047596,1.01398338,1.00083440
flat-field-25,7,3,0.81955455,0.82542617,0.82509740,0.83365571,0.82526178,0.99308434,1.01017123,1.00039846
flat-field-25,7,4,0.87882220,0.88293284,0.88271478,0.88704062,0.88282381,0.99546726,1.00477650,1.00024703
flat-field-25,7,5,0.93053983,0.93222428,0.93192536,0.93230174,0.93207482,0.99835314,1.00024346,1.00032075
flat-field-25,7,6,0.96300491,0.96446909,0.96432233,0.96557060,0.96439571,0.99855785,1.00121827,1.00015219
flat-field-25,7,7,0.97810495,0.97864038,0.97847037,0.97988395,0.97855537,0.99953970,1.00135769,1.00017375
flat-field-25,7,8,0.97659494,0.97699733,0.97703506,0.97756286,0.97701620,0.99956884,1.00055953,0.99996138
flat-field-25,7,9,0.95922990,0.96036147,0.96063154,0.96247582,0.96049650,0.99868130,1.00206072,0.99971887
flat-field-25,7,10,0.92223481,0.92483056,0.92495387,0.92765957,0.92489221,0.99712679,1.00299209,0.99986669
flat-field-25,7,11,0.87655719,0.88005751,0.88004921,0.88510638,0.88005336,0.99602732,1.00574172,1.00000943
flat-field-25,7,12,0.81804455,0.82296159,0.82325200,0.83056093,0.82310680,0.99384982,1.00905609,0.99964725
flat-field-25,7,13,0.75953190,0.76648182,0.76624974,0.77756286,0.76636578,0.99108274,1.01461062,1.00030288
flat-field-25,7,14,0.69875425,0.70651058,0.70658192,0.72108317,0.70654625,0.98897171,1.02057463,0.99989904
flat-field-25,7,15,0.62589656,0.63401109,0.63420135,0.65222437,0.63410622,0.98705318,1.02857274,0.99970000
flat-field-25,8,0,0.56021140,0.57095913,0.57002255,0.58491296,0.57049084,0.98198141,1.02528019,1.00164305
flat-field-25,8,1,0.66779917,0.67714110,0.67644043,0.69013540,0.67679077,0.98671436,1.01971751,1.00103581
flat-field-25,8,2,0.73725934,0.74512220,0.74492516,0.75628627,0.74502368,0.98957840,1.01511709,1.00026451
flat-field-25,8,3,0.79992450,0.80570959,0.80561821,0.81508704,0.80566390,0.99287619,1.01169612,1.00011343
flat-field-25,8,4,0.85730464,0.86177860,0.86139020,0.86808511,0.86158440,0.99503269,1.00754506,1.00045090
flat-field-25,8,5,0.90184975,0.90552475,0.90526963,0.90947776,0.90539719,0.99608190,1.00450693,1.00028181
flat-field-25,8,6,0.93393733,0.93633190,0.93582120,0.93887814,0.93607655,0.99771470,1.00299291,1.00054572
flat-field-25,8,7,0.94941487,0.95132471,0.95099446,0.95319149,0.95115959,0.99816570,1.00213624,1.00034726
flat-field-25,8,8,0.94601737,0.94721709,0.94709863,0.94932302,0.94715786,0.99879588,1.00228596,1.00012508
flat-field-25,8,9,0.92865232,0.93037585,0.92987492,0.93230174,0.93012539,0.99841627,1.00233985,1.00053870
flat-field-25,8,10,0.89694224,0.89997946,0.89993849,0.90328820,0.89995897,0.99664792,1.00369931,1.00004553
flat-field-25,8,11,0.85428464,0.85849250,0.85851958,0.86382979,0.85850604,0.99508285,1.00620117,0.99996846
flat-field-25,8,12,0.80030200,0.80612035,0.80561821,0.81353965,0.80586928,0.99309158,1.00951813,1.00062330
flat-field-25,8,13,0.74178935,0.74943520,0.74923108,0.76054159,0.74933314,0.98993266,1.01495789,1.00027244
flat-field-25,8,14,0.67987920,0.68802629,0.68751282,0.70251451,0.68776955,0.98852762,1.02143880,1.00074686
flat-field-25,8,15,0.60702152,0.61552680,0.61574739,0.63326886,0.61563709,0.98600543,1.02863987,0.99964176
flat-field-25,9,0,0.51075878,0.52166769,0.52101702,0.53771760,0.52134236,0.97969937,1.03140977,1.00124886
flat-field-25,9,1,0.57644394,0.58615732,0.58560591,0.60193424,0.58588161,0.98389150,1.02739909,1.00094162
flat-field-25,9,2,0.71309928,0.72088725,0.72031987,0.73268859,0.72060356,0.98958613,1.01677071,1.00078767
flat-field-25,9,3,0.77387693,0.77962621,0.77916752,0.78994197,0.77939686,0.99291769,1.01352983,1.00058869
flat-field-25,9,4,0.82748207,0.83220374,0.83186385,0.84061896,0.83203379,0.99452940,1.01031828,1.00040859
flat-field-25,9,5,0.86862967,0.87348532,0.87266762,0.87891683,0.87307647,0.99490675,1.00668940,1.00093700
flat-field-25,9,6,0.89731974,0.90080099,0.90055362,0.90522244,0.90067730,0.99627218,1.00504635,1.00027468
flat-field-25,9,7,0.91204228,0.91456151,0.91408653,0.91798839,0.91432402,0.99750445,1.00400774,1.00051963
flat-field-25,9,8,0.90751227,0.90942699,0.90937051,0.91295938,0.90939875,0.99792557,1.00391537,1.00006210
flat-field-25,9,9,0.89278973,0.89566646,0.89542752,0.89903288,0.89554699,0.99692115,1.00389247,1.00026685
flat-field-25,9,10,0.86560966,0.86917231,0.86856674,0.87388781,0.86886953,0.99624815,1.00577565,1.00069721
flat-field-25,9,11,0.82446206,0.82912302,0.82899323,0.83597679,0.82905813,0.99445628,1.00834521,1.00015656
flat-field-25,9,12,0.77538694,0.78147464,0.78121796,0.79071567,0.78134630,0.99237296,1.01199131,1.00032856
flat-field-25,9,13,0.71913930,0.72643253,0.72626615,0.73926499,0.72634934,0.99007359,1.01778160,1.00022910
flat-field-25,9,14,0.65647414,0.66420209,0.66372770,0.68046422,0.66396490,0.98871814,1.02484968,1.00071474
flat-field-25,9,15,0.58135145,0.58862189,0.58847652,0.60851064,0.58854921,0.98777034,1.03391633,1.00024703
flat-field-25,10,0,0.49226123,0.50400493,0.50317818,0.51721470,0.50359156,0.97750096,1.02705197,1.00164305
flat-field-25,10,1,0.56360891,0.57362908,0.57268813,0.58762089,0.57315860,0.98333848,1.02523261,1.00164305
flat-field-25,10,2,0.67836920,0.68597248,0.68505229,0.69980658,0.68551238,0.98957978,1.02085184,1.00134324
flat-field-25,10,3,0.73725934,0.74368453,0.74287472,0.75589942,0.74327963,0.99190038,1.01697853,1.00109011
flat-field-25,10,4,0.78671197,0.79174368,0.79106008,0.80193424,0.79140188,0.99407392,1.01330848,1.00086417
flat-field-25,10,5,0.82521706,0.82953379,0.82899323,0.83752418,0.82926351,0.99512043,1.00996145,1.00065206
flat-field-25,10,6,0.85126463,0.85541179,0.85462374,0.86150870,0.85501777,0.99561046,1.00759158,1.00092210
flat-field-25,10,7,0.86372216,0.86670774,0.86631126,0.87195358,0.86650950,0.99678325,1.00628277,1.00045767
flat-field-25,10,8,0.86145715,0.86465393,0.86426082,0.86963250,0.86445737,0.99652936,1.00598655,1.00045486
flat-field-25,10,9,0.84899962,0.85253646,0.85195817,0.85841393,0.85224731,0.99618926,1.00723571,1.00067877
flat-field-25,10,10,0.82521706,0.82932840,0.82899323,0.83636364,0.82916082,0.99524368,1.00868688,1.00040431
flat-field-25,10,11,0.78935447,0.79420826,0.79372565,0.80309478,0.79396695,0.99419059,1.01149648,1.00060803
flat-field-25,10,12,0.74367686,0.74964058,0.74943613,0.76131528,0.74953836,0.99217986,1.01571224,1.00027281
flat-field-25,10,13,0.68969422,0.69665229,0.69632971,0.71102515,0.69649100,0.99024140,1.02086767,1.00046326
flat-field-25,10,14,0.62702907,0.63483261,0.63502153,0.65183752,0.63492707,0.98756077,1.02663369,0.99970251
flat-field-25,10,15,0.56021140,0.56767303,0.56735698,0.58800774,0.56751501,0.98713055,1.03610958,1.00055706
flat-field-25,11,0,0.47678369,0.48634216,0.48554439,0.50367505,0.48594328,0.98115091,1.03648938,1.00164305
flat-field-25,11,1,0.56474141,0.57342370,0.57227804,0.59032882,0.57285087,0.98584368,1.03051047,1.00200193
flat-field-25,11,2,0.63269158,0.64058328,0.63953250,0.65609284,0.64005789,0.98849118,1.02505235,1.00164305
flat-field-25,11,3,0.69158173,0.69808996,0.69714989,0.71218569,0.69761992,0.99134458,1.02087923,1.00134845
flat-field-25,11,4,0.74103435,0.74676525,0.74636047,0.75822050,0.74656286,0.99259472,1.01561509,1.00054234
flat-field-25,11,5,0.77916195,0.78414459,0.78347345,0.79342360,0.78380902,0.99407117,1.01226648,1.00085662
flat-field-25,11,6,0.80445451,0.80837954,0.80807874,0.81624758,0.80822914,0.99532975,1.00992100,1.00037225
flat-field-25,11,7,0.81464704,0.81823783,0.81751076,0.82514507,0.81787430,0.99605409,1.00888984,1.00088937
flat-field-25,11,8,0.81464704,0.81782707,0.81730572,0.82514507,0.81756639,0.99642921,1.00926979,1.00063789
flat-field-25,11,9,0.80294451,0.80632573,0.80561821,0.81392650,0.80597197,0.99624371,1.00986948,1.00087824
flat-field-25,11,10,0.78218196,0.78640378,0.78552389,0.79535783,0.78596383,0.99518823,1.01195220,1.00112013
flat-field-25,11,11,0.75009438,0.75477511,0.75415214,0.76557060,0.75446363,0.99420880,1.01472168,1.00082605
flat-field-25,11,12,0.70554926,0.71041282,0.70986262,0.72379110,0.71013772,0.99353864,1.01922639,1.00077507
flat-field-25,11,13,0.65269913,0.65824605,0.65798647,0.67427466,0.65811626,0.99176874,1.02455251,1.00039451
flat-field-25,11,14,0.59003398,0.59663175,0.59626820,0.61547389,0.59644997,0.98924302,1.03189524,1.00060972
flat-field-25,11,15,0.52397131,0.53111522,0.53065409,0.55125725,0.53088465,0.98697769,1.03837481,1.00086898
