id,input_r,input_g,input_b,input_in_destination,modified,branch,output_r,output_g,output_b,mapping_coordinate_space,input_Lstar,input_Cstar,input_Lab_hue_degrees,output_Lstar,output_Cstar,output_Lab_hue_degrees,input_OkLab_L,input_OkLab_a,input_OkLab_b,input_OkLCh_C,input_OkLCh_h_degrees,input_OkLCh_hue_defined,output_OkLab_L,output_OkLab_a,output_OkLab_b,output_OkLCh_C,output_OkLCh_h_degrees,output_OkLCh_hue_defined,input_mapping_chroma,output_mapping_chroma,boundary_diagnostics_applicable,source_connected_boundary_mapping_chroma,destination_connected_boundary_mapping_chroma,knee_mapping_chroma,destination_boundary_utilization,local_minde_applicable,local_minde_iterations,local_minde_final_delta_e_ok,local_minde_returned_clipped_color,delta_e_2000,delta_e_ok,delta_Lstar,delta_Cstar,delta_Lab_hue_degrees,input_IPT_hue_degrees,output_IPT_hue_degrees,delta_IPT_hue_degrees,IPT_hue_defined,destination_margin_before,destination_margin_after,output_in_destination
p3_r000_g000_b000,0,0,0,true,false,identity_no_gamut_contraction,0,0,0,CIELAB_D65,0,0,0,0,0,0,0,0,0,0,0,false,0,0,0,0,0,false,0,0,false,0,0,0,0,false,0,0,false,0,0,0,0,0,0,0,0,false,0,0,true
p3_r000_g000_b025,0,0,0.25,true,true,protected_core_asymptotic_soft_chroma_compression,0.029036056750215328,0.0051920408735608532,0.2355325470417895,CIELAB_D65,3.6437238555324041,46.602314193127008,302.73212018833499,3.6437238555324041,40.777024920418611,302.73212018833499,0.17280635138141928,-0.012408409812860007,-0.1190982563111391,0.11974290496909479,264.05202261636992,true,0.17165012861694101,0.0060796877159403949,-0.10494797622624509,0.10512392837364794,273.31546707297503,true,46.602314193127008,40.777024920418611,true,46.602314195813925,46.60231419541897,34.951735646564231,0.87499999998770472,false,0,0,false,1.9649573146355415,0.023310448897361058,0,-5.825289272708396,0,252.41553410689085,259.26279845649435,6.8472643496035062,true,-3.257742130615647e-18,0.00040186074872762019,true
p3_r000_g000_b050,0,0,0.5,true,true,protected_core_asymptotic_soft_chroma_compression,0.08775748551092788,0.029395687404507039,0.47115224157544383,CIELAB_D65,13.809698238520093,82.582120639327201,306.28880325729324,13.809698238520093,72.25935556008919,306.28880325729324,0.27896788874266271,-0.020031369567585958,-0.1922648609293153,0.19330554186293306,264.05202261636987,true,0.27644033534323859,0.0065655102394839562,-0.16832040799469791,0.16844840655882243,272.23374827409668,true,82.582120639327201,72.25935556008919,true,82.5821206405829,82.582120640411816,61.936590480308865,0.87499999999671663,false,0,0,false,2.3021839021304187,0.035876445866289082,0,-10.32276507923801,0,252.41553410689082,258.53878188537021,6.1232477784793957,true,-6.0693347582064394e-17,0.0022752080034448173,true
p3_r000_g000_b075,0,0,0.75,true,true,protected_core_asymptotic_soft_chroma_compression,0.15206265916745371,0.066203218187509058,0.70815775579571716,CIELAB_D65,24.138385295852164,111.19579105589834,306.28880325729324,24.138385295852164,97.29631717427398,306.28880325729324,0.37562676797090944,-0.026971988219202919,-0.25888222702174574,0.26028349086378016,264.05202261636998,true,0.37222344897738735,0.0088403773020913762,-0.22664132106100232,0.22681366952439103,272.233748274395,true,111.19579105589834,97.29631717427398,true,111.19579105657462,111.19579105647904,83.396843292359279,0.87499999999869438,false,0,0,false,2.4423311769634544,0.048307184989108576,0,-13.89947388162436,0,252.4155341068909,258.5387818856093,6.1232477787183939,true,-3.4137194283726185e-17,0.0055542837182124966,true
p3_r000_g000_b100,0,0,1,false,true,protected_core_asymptotic_soft_chroma_compression,0.24110965878835167,0.12100335588997944,0.91824117903583102,CIELAB_D65,33.833932651533601,138.05546789612066,306.28880325729324,33.833932651533601,115.95024894880446,306.28880325729324,0.46636054039547847,-0.033487152870911197,-0.32141600542695198,0.3231557487528548,264.05202261636987,true,0.46081467942537957,0.020331023522257043,-0.2700763430506557,0.27084050951266136,274.30503781732909,true,138.05546789612066,115.95024894880446,true,138.05546789614351,130.60352331950358,97.952642489627692,0.88780337621633765,false,0,0,false,3.2918538824685273,0.07458494229466113,0,-22.105218947316203,0,252.41553410689085,260.22930667840126,7.8137725715104125,true,-0.098273600140966533,0.013597039953695,true
p3_r000_g025_b000,0,0.25,0,false,true,protected_core_asymptotic_soft_chroma_compression,0.028112027597589285,0.24282669078998717,0.061596085201854958,CIELAB_D65,22.013968762866881,55.017193352189501,140.93372179278074,22.013968762866881,36.282540556819328,140.93372179278074,0.31452723877378436,-0.11273401451586239,0.077060736709585562,0.13655517262662276,145.64495558662844,true,0.31841192176746613,-0.0760008145234745,0.05304082975318615,0.092679304211555499,145.08888225288314,true,55.017193352189501,36.282540556819328,true,55.017193354297078,38.950393563775748,29.212795172831811,0.9315063915185301,false,0,0,false,6.1383932129772978,0.04406103350848968,0,-18.734652795370174,0,132.21265581008873,134.72215784605118,2.5095020359624414,true,-0.011444076241775302,0.0021758535292251769,true
p3_r000_g025_b025,0,0.25,0.25,false,true,protected_core_asymptotic_soft_chroma_compression,0.034995499665321277,0.24583474490511611,0.24203937338385206,CIELAB_D65,23.414146652471725,24.793736846297335,194.36922947246444,23.414146652471725,17.234463938261428,194.36922947246444,0.3308579029998695,-0.074213882287440677,-0.017321578863014702,0.076208512769124021,193.13768775138286,true,0.33354667172680968,-0.051325578417892904,-0.011918862499836395,0.052691311268759297,193.07355062317274,true,24.793736846297335,17.234463938261428,true,24.793736846955447,18.637324073390936,13.977993055043202,0.92472845728253372,false,0,0,false,4.3246752734480998,0.02367051489496335,0,-7.5592729080359078,0,200.55871878735934,200.02635073147209,-0.53236805588724678,true,-0.011444076241775314,0.0027086300050558265,true
p3_r000_g025_b050,0,0.25,0.5,false,true,protected_core_asymptotic_soft_chroma_compression,0.084370880430314987,0.25365749088249484,0.46262295287089644,CIELAB_D65,27.342491558292636,44.304500837369226,279.97379350519077,27.342491558292636,35.255933784753779,279.97379350519077,0.37507066596200828,-0.047578283357625969,-0.12620061109438868,0.1348713731221555,249.34329750316016,true,0.37520563078528441,-0.025382279240631855,-0.099460509218378026,0.10264820014704823,255.68371225088049,true,44.304500837369226,35.255933784753779,true,44.304500837852565,39.121897747984079,29.341423310988059,0.90118158408024795,false,0,0,false,3.2434158305544734,0.03475217781095985,0,-9.0485670526154465,0,245.50248316002475,249.38426970815647,3.8817865481317142,true,-0.011444076241775255,0.0077661719401556587,true
p3_r000_g025_b075,0,0.25,0.75,false,true,protected_core_asymptotic_soft_chroma_compression,0.14879101218069754,0.26269181712581879,0.70043942004904347,CIELAB_D65,33.269250129051159,82.574642306653772,296.17249256668731,33.269250129051159,69.27543187537276,296.17249256668731,0.43808726249244134,-0.040130365676377275,-0.21534749067694062,0.21905476025454182,259.44391755664032,true,0.43644852287795538,-0.0093142599310927342,-0.17983014312720333,0.18007119651741751,267.03502806790499,true,82.574642306653772,69.27543187537276,true,82.57464230708959,78.002717665813819,58.502038249360368,0.88811561889636625,false,0,0,false,3.0111831651003835,0.047051034184143858,0,-13.299210431281011,0,251.3132643619789,256.48496526272339,5.1717009007444972,true,-0.011444076241775337,0.01933028067978752,true
p3_r000_g025_b100,0,0.25,1,false,true,protected_core_asymptotic_soft_chroma_compression,0.22903151449443082,0.27704542407146382,0.92678505146057288,CIELAB_D65,40.324977164308876,116.98360607251936,301.04066583008631,40.324977164308876,97.98421482821432,301.04066583008631,0.50984474842907157,-0.040720670113273613,-0.29098723069994348,0.29382263596410707,262.03377731507305,true,0.50645687006508,0.0034364922824958559,-0.24305168735316687,0.24307598031156685,270.81004739090281,true,116.98360607251936,97.98421482821432,true,116.98360607257041,110.27258510381357,82.704438827860173,0.88856368730241841,false,0,0,false,3.255118803524661,0.065262156159647824,0,-18.999391244305045,0,252.39026536944232,258.6656796605738,6.275414291131483,true,-0.094272905754069658,0.042881875119855632,true
p3_r000_g050_b000,0,0.5,0,false,true,protected_core_asymptotic_soft_chroma_compression,0.10035360174996337,0.48809173632288139,0.0890254845374856,CIELAB_D65,45.367400698715031,94.361281733340832,136.95291954462957,45.367400698715031,64.215465607131151,136.95291954462957,0.50775332649154248,-0.18199082248753704,0.12440208854000936,0.22044622723649987,145.64495558662844,true,0.5136914520629684,-0.12751560984051105,0.09779784313975122,0.16070049432339908,142.51366941873565,true,94.361281733340832,64.215465607131151,true,94.361281734049768,69.228966193820838,51.921724645365629,0.92758088322952337,false,0,0,false,6.5994400295667814,0.060914661630496469,0,-30.145816126209681,0,132.21265581008879,131.04627637016722,-1.1663794399215703,true,-0.048146451871365598,0.0084032740056707231,true
p3_r000_g050_b025,0,0.5,0.25,false,true,protected_core_asymptotic_soft_chroma_compression,0.092782241642467386,0.48789748375559666,0.29204327854019729,CIELAB_D65,45.919719224850681,67.222417696225818,153.96685914195047,45.919719224850681,44.535376982664573,153.96685914195047,0.51419997404824491,-0.15803461297104518,0.071094339026463282,0.17328976870697746,155.77865787310651,true,0.52012434097548021,-0.10791555635846692,0.04881360288313772,0.11844211721592164,155.66126331787876,true,67.222417696225818,44.535376982664573,true,67.222417696734738,47.838414223652372,35.87881066773928,0.93095429071821734,false,0,0,false,6.4565018474180995,0.055167464708030932,0,-22.687040713561245,0,148.97726722471407,150.07478174075291,1.0975145160388422,true,-0.048146451871365473,0.0089389703472023824,true
p3_r000_g050_b050,0,0.5,0.5,false,true,protected_core_asymptotic_soft_chroma_compression,0.10851514063914647,0.49242060138397115,0.4855142695993544,CIELAB_D65,47.627761308175927,40.025475723321293,194.36922947246444,47.627761308175927,27.822252943530522,194.36922947246444,0.53411654106379425,-0.11980630278702772,-0.02796288589207668,0.12302631090506724,193.13768775138283,true,0.53845712304533766,-0.082856840243527019,-0.01924107465467919,0.085061594912206398,193.07355062316967,true,40.025475723321293,27.822252943530522,true,40.025475723523812,30.086943604197327,22.565207703147994,0.92472845728501096,false,0,0,false,4.8779213650270492,0.03821221565746815,0,-12.203222779790771,0,200.55871878735934,200.02635073145061,-0.5323680559087336,true,-0.04814645187136548,0.011395495927275174,true
p3_r000_g050_b075,0,0.5,0.75,false,true,protected_core_asymptotic_soft_chroma_compression,0.15109132150555771,0.50009486724039054,0.69792782082970006,CIELAB_D65,50.627441043787897,46.184113536148686,256.40260059297242,50.627441043787897,34.951980962077648,256.40260059297242,0.56838597065515861,-0.091078296510780879,-0.12858236304219228,0.15757119083392071,234.68904687732748,true,0.57032262971008962,-0.058319697888002349,-0.096076327966954297,0.11239149415040993,238.7416535922209,true,46.184113536148686,34.951980962077648,true,46.184113536342771,38.356955498516243,28.767716623887182,0.91122928052591901,false,0,0,false,3.9758273992413251,0.046190028667840811,0,-11.232132574071038,0,235.97963743934707,238.15603652122292,2.176399081875843,true,-0.048146451871365702,0.019858085973310038,true
p3_r000_g050_b100,0,0.5,1,false,true,protected_core_asymptotic_soft_chroma_compression,0.20982709955687456,0.50812609088468574,0.92935659325375264,CIELAB_D65,54.798055568188445,77.70226353095957,282.90419954698558,54.798055568188445,62.340969724813007,282.90419954698558,0.61453933773703029,-0.074594854485631829,-0.21931072099625268,0.23164970248120065,251.21512674008858,true,0.61442272691642363,-0.037655460053241267,-0.17438035136808674,0.17839966540069138,257.81472449584476,true,77.70226353095957,62.340969724813007,true,77.702263530959129,69.317916395449672,51.98843729658725,0.89934858066370471,false,0,0,false,3.7006573744519478,0.058165888405824463,0,-15.361293806146563,0,246.6514265202477,250.76129009762744,4.1098635773797412,true,-0.081442251268295962,0.036249658091603819,true
p3_r000_g075_b000,0,0.75,0,false,true,protected_core_asymptotic_soft_chroma_compression,0.17033270164145489,0.73272765358518599,0.1539018289264005,CIELAB_D65,66.630436381507508,127.05628392873395,136.95291954462957,66.630436381507508,86.465320106868802,136.95291954462957,0.68368349424056218,-0.24504836294768328,0.16750585401684034,0.2968280837677772,145.64495558662838,true,0.69167910594436977,-0.17169817144889399,0.13168357081737414,0.21638120274669928,142.51366941871498,true,127.05628392873395,86.465320106868802,true,127.05628392911603,93.215935850019221,69.911951887514419,0.92758088322996735,false,0,0,false,6.9933405940369484,0.082020828897603107,0,-40.590963821865145,0,132.21265581008876,131.04627637015787,-1.1663794399308927,true,-0.11753609046004217,0.020514242178428014,true
p3_r000_g075_b025,0,0.75,0.25,false,true,protected_core_asymptotic_soft_chroma_compression,0.16139017905820535,0.73208571578600579,0.33663478032344818,CIELAB_D65,66.936688583877796,106.69170185098658,145.51583101314517,66.936688583877796,71.128056288104631,145.51583101314517,0.68725060790446912,-0.22988743784910404,0.13453773260694338,0.26636185082673358,149.66241749700467,true,0.69538816486712296,-0.15754011340069521,0.096663468382369666,0.18483158131123936,148.46755268317239,true,106.69170185098658,71.128056288104631,true,106.69170185133041,76.466211184288483,57.349658388216362,0.93018936320359125,false,0,0,false,7.1114192531195783,0.082065919106024718,0,-35.563645562881945,0,139.32580569931864,139.58292841650018,0.25712271718154511,true,-0.11753609046004231,0.022323598757866721,true
p3_r000_g075_b050,0,0.75,0.5,false,true,protected_core_asymptotic_soft_chroma_compression,0.16188315067329778,0.73361995418858872,0.53568711620088671,CIELAB_D65,67.903925666096214,77.268589788838014,162.92267980987768,67.903925666096214,51.45751395292757,162.92267980987768,0.69856260775601597,-0.19663581516352729,0.057036435534475793,0.20474080878882764,163.82460251711143,true,0.70613404828264037,-0.1348686640415428,0.03851539696003739,0.14026044468537732,164.06187326812352,true,77.268589788838014,51.45751395292757,true,77.268589789081233,55.311571978888665,41.483678984166502,0.93032094572484558,false,0,0,false,6.6249633336453728,0.064927163339007166,0,-25.811075835910444,0,161.34085670341366,162.43794002282493,1.0970833194112686,true,-0.11753609046004222,0.022445849653696739,true
p3_r000_g075_b075,0,0.75,0.75,false,true,protected_core_asymptotic_soft_chroma_compression,0.18217060939822288,0.73900645786310315,0.72898916581514162,CIELAB_D65,69.673983629928543,53.89380172109405,194.36922947246444,69.673983629928543,37.462315099874587,194.36922947246444,0.71918123244882393,-0.16131768606510991,-0.037651675603672496,0.16565338666373694,193.13768775138288,true,0.72502577171890537,-0.1115656975616954,-0.025907866017779734,0.11453437210734127,193.0735506231693,true,53.89380172109405,37.462315099874587,true,53.893801721204603,40.51169270798799,30.383769530990993,0.92472845728531772,false,0,0,false,5.3836476073889239,0.051452269754726269,0,-16.431486621219463,0,200.55871878735934,200.02635073144799,-0.53236805591134839,true,-0.11753609046004249,0.027818914751192487,true
p3_r000_g075_b100,0,0.75,1,false,true,protected_core_asymptotic_soft_chroma_compression,0.22131758945849328,0.74655415479121134,0.9374082388622893,CIELAB_D65,72.277610442221231,53.546439195414031,240.20876612434654,72.277610442221231,39.528922775431816,240.20876612434654,0.74907693822163812,-0.13274485226480739,-0.13228039893745816,0.18740144008480464,224.89958998972978,true,0.75267425342788918,-0.088468830301933324,-0.096349767599616928,0.13080524321101378,227.44169725724501,true,53.546439195414031,39.528922775431816,true,53.546439195420049,43.174202842418111,32.380652131813584,0.91556809791506211,false,0,0,false,4.5314179600725986,0.057134202242491237,0,-14.017516419982215,0,229.04806441578648,230.20944358409176,1.1613791683052739,true,-0.11753609046004213,0.04013974161718472,true
p3_r000_g100_b000,0,1,0,false,true,protected_core_asymptotic_soft_chroma_compression,0.24031180153238274,0.97736357084752545,0.2187781733149525,CIELAB_D65,86.590066123771152,157.74711039292774,136.95291954462957,86.590066123771152,107.35127751484525,136.95291954462957,0.84882929285324649,-0.30424052999375029,0.20796739545662446,0.36852779768138266,145.64495558662838,true,0.85875626854546072,-0.21317237973815603,0.16349213230801307,0.26864873126417227,142.51366941870626,true,157.74711039292774,107.35127751484525,true,157.74711039315213,115.7325247379089,86.799393553431685,0.92758088323015453,false,0,0,false,7.235881193326942,0.10183320612407101,0,-50.395832878082487,0,132.21265581008876,131.04627637015386,-1.1663794399349001,true,-0.22494017628055976,0.039260087977028228,true
p3_r000_g100_b025,0,1,0.25,false,true,protected_core_asymptotic_soft_chroma_compression,0.23216669629741074,0.97671180528642088,0.37863219799334202,CIELAB_D65,86.789094520934043,142.18823741046219,142.00475531111687,86.789094520934043,95.439730473076466,142.00475531111687,0.85114494305359389,-0.29387253156918725,0.18560855179773772,0.3475796301731971,147.72368005783537,true,0.86122042140939004,-0.20265978636098858,0.13756689612385736,0.24494007413453947,145.8310618707485,true,142.18823741046219,95.439730473076466,true,142.18823741065052,102.69590627864908,77.021929708986804,0.9293430861218156,false,0,0,false,7.365882861105904,0.1035822418776576,0,-46.748506937385727,0,136.08441000952121,135.79644321379283,-0.28796679572838002,true,-0.22494017628056004,0.044026673139162871,true
p3_r000_g100_b050,0,1,0.5,false,true,protected_core_asymptotic_soft_chroma_compression,0.22587553254304304,0.97684452123962473,0.58506915243775648,CIELAB_D65,87.422256552250943,115.18128445925564,152.66178869251181,87.422256552250943,76.316974022953715,152.66178869251181,0.85854016414466605,-0.2674005172111612,0.12629288226793786,0.29572441346013306,154.71870100383012,true,0.86849682915743676,-0.18256092578852834,0.08712164298630215,0.20228364318796824,154.48861115000724,true,115.18128445925564,76.316974022953715,true,115.18128445944578,81.978328574780448,61.483746431085336,0.93094083948463946,false,0,0,false,7.3208790699521415,0.093974876630911156,0,-38.864310436301921,0,147.32938660204735,148.35055202309815,1.0211654210507959,true,-0.22494017628055993,0.041747212075862281,true
p3_r000_g100_b075,0,1,0.75,false,true,protected_core_asymptotic_soft_chroma_compression,0.23314401906925486,0.97978873367500829,0.77846478178970602,CIELAB_D65,88.598571305329259,87.733321282136131,168.66315092930398,88.598571305329259,58.820438085338118,168.66315092930398,0.87229882371179746,-0.23335604027169174,0.043752801568273526,0.23742230134584269,169.38069006979958,true,0.88130522054651672,-0.16060130879550094,0.029510656789989636,0.16329010763363594,169.58798957392415,true,87.733321282136131,58.820438085338118,true,87.733321282280599,63.282627972234529,47.461970979175895,0.92948791746047255,false,0,0,false,6.7281034709055563,0.074680685749413611,0,-28.912883196798013,0,169.65809930597504,170.40848878198989,0.75038947601484551,true,-0.22494017628056007,0.044387139654229864,true
p3_r000_g100_b100,0,1,1,false,true,protected_core_asymptotic_soft_chroma_compression,0.25582607815684932,0.98559231434225703,0.9724640620309517,CIELAB_D65,90.368791338590583,66.912011171053422,194.36922947246444,90.368791338590583,46.51144967331193,194.36922947246444,0.89290161619444186,-0.20028445697591818,-0.046746550774794178,0.20566745905825459,193.13768775138286,true,0.90015792145481255,-0.13851472642773383,-0.032165988760072081,0.14220049321385292,193.07355062316913,true,66.912011171053422,46.51144967331193,true,66.912011171129436,50.297413588684478,37.723060191513355,0.92472845728544018,false,0,0,false,5.744579791529886,0.06388071983542562,0,-20.400561497741492,0,200.55871878735934,200.02635073144691,-0.53236805591242842,true,-0.22494017628056048,0.032463026110298832,true
p3_r025_g000_b000,0.25,0,0,false,true,protected_core_asymptotic_soft_chroma_compression,0.24692160816316933,0.017662237577838628,0.020335304154212221,CIELAB_D65,10.296118002499211,39.124397804325667,26.983273878416071,10.296118002499211,30.870415245822457,26.983273878416071,0.24032419087434279,0.097097581018264725,0.053729353865904321,0.11097199514492857,28.958132730803928,true,0.23735175008734882,0.078828926800324536,0.039512802026554453,0.088177441698433334,26.622203559806774,true,39.124397804325667,30.870415245822457,true,39.124397806955699,34.185732652918261,25.639299489688696,0.90302043718776959,false,0,0,false,3.2273011148388031,0.023338583448182352,0,-8.2539825585032105,0,44.022228239691849,31.061346917692205,-12.960881321999643,true,-0.0021396933360372716,0.0013670462521546925,true
p3_r025_g000_b025,0.25,0,0.25,false,true,protected_core_asymptotic_soft_chroma_compression,0.25209146118550047,0.025730424577200497,0.23528051489838528,CIELAB_D65,13.035923612519582,46.960350757604708,330.66192376819572,13.035923612519582,38.08570852499868,330.66192376819572,0.26863566478547529,0.11724796325913138,-0.063754714044805219,0.13346066256148104,331.46443569576422,true,0.26471337735478462,0.095026140680388602,-0.051449873917866415,0.10806043188315211,331.56761673768722,true,46.960350757604708,38.08570852499868,true,46.960350759909943,42.46692037796835,31.850190283476262,0.89683236236638852,false,0,0,false,3.0507289897126153,0.025702195002754138,0,-8.8746422326060284,0,330.33232111135874,329.81141822989781,-0.52090288146092689,true,-0.0021396933360372703,0.0019915189301238775,true
p3_r025_g000_b050,0.25,0,0.5,false,true,protected_core_asymptotic_soft_chroma_compression,0.27170682160380177,0.048125354719486986,0.46417033070951474,CIELAB_D65,19.482522760725118,78.216897228899128,313.44937014084212,19.482522760725118,65.491413327508553,313.44937014084212,0.33187470990395046,0.088853581582805041,-0.16274416494986235,0.18542012346377132,298.63325676109929,true,0.32682961789500398,0.083579603446779824,-0.1359615238932281,0.15959663559013332,301.58028248584782,true,78.216897228899128,65.491413327508553,true,78.216897231023239,73.697036327025941,55.272777245269452,0.88865735437303806,false,0,0,false,3.0059980086730764,0.027759280623361231,0,-12.725483901390575,0,283.6510818535491,287.60358087247909,3.9524990189299842,true,-0.0021396933360372755,0.0037693910048828992,true
p3_r025_g000_b075,0.25,0,0.75,false,true,protected_core_asymptotic_soft_chroma_compression,0.30065221793970914,0.078971419279795993,0.70042084041155439,CIELAB_D65,27.59440331983172,108.19733387063197,309.34796886225053,27.59440331983172,92.342390351349906,309.34796886225053,0.40873588599999261,0.053696080983919002,-0.2409986550359845,0.24690812226855771,282.56070824325718,true,0.40321986083925987,0.066659209987805557,-0.20556272960531222,0.21610063877505095,287.96667234589637,true,108.19733387063197,92.342390351349906,true,108.19733387225335,104.56336019241135,78.422520144308521,0.88312378429142735,false,0,0,false,2.8763692352428065,0.038133634212770856,0,-15.85494351928206,0,266.60732139639333,272.20863077199755,5.6013093756042167,true,-0.0021396933360372395,0.0070635541152049017,true
p3_r025_g000_b100,0.25,0,1,false,true,protected_core_asymptotic_soft_chroma_compression,0.34404742995775756,0.1257683985213153,0.92138312832046854,CIELAB_D65,36.163932826501082,135.94860217900268,307.9091543395968,36.163932826501082,114.05279520804494,307.9091543395968,0.4890574886782269,0.026163564396283832,-0.30938099422984328,0.31048531638801347,274.83385699242399,true,0.48217899845854312,0.057384589415374734,-0.25950923642341095,0.26577816857566183,282.46901431269441,true,135.94860217900268,114.05279520804494,true,135.9486021790583,128.42098626984276,96.315739702382075,0.88811648719464853,false,0,0,false,3.3050123848522746,0.059238992712979423,0,-21.895806970957736,0,260.10167664503547,267.04679120105527,6.9451145560198029,true,-0.097274518182154823,0.014497333247940824,true
p3_r025_g025_b000,0.25,0.25,0,false,true,protected_core_asymptotic_soft_chroma_compression,0.25301320046184972,0.24723338931267677,0.030040007839189174,CIELAB_D65,25.815503604766956,42.169291476358609,102.13351711678965,25.815503604766956,32.142576078245774,102.13351711678965,0.35748600713379675,-0.031395518217958419,0.085193715933711098,0.090794536172437268,110.22980955562514,true,0.35816690851604466,-0.022132894938028072,0.068380002027365258,0.07187273276841688,107.93546895551673,true,42.169291476358609,32.142576078245774,true,42.16929147782934,35.324998763385864,26.493749072539398,0.90991018268799917,false,0,0,false,3.7534207889913009,0.019208352142823241,0,-10.026715398112835,0,100.7493435048209,97.643077475995426,-3.1062660288254733,true,-0.0049997763457081167,0.002325078006129193,true
p3_r025_g025_b025,0.25,0.25,0.25,true,false,identity_no_gamut_contraction,0.24999999999999997,0.24999999999999997,0.24999999999999997,CIELAB_D65,26.982917772686811,0,0,26.982917772686811,0,0,0.37054239459212779,-3.1204840491896412e-16,-6.805984563597083e-18,3.1212261763343859e-16,0,false,0.37054239459212779,-3.1204840491896412e-16,-6.805984563597083e-18,3.1212261763343859e-16,0,false,0,0,false,0,0,0,0,false,0,0,false,0,0,0,0,0,0,0,0,false,0.050876088171556783,0.050876088171556783,true
p3_r025_g025_b050,0.25,0.25,0.5,true,false,protected_core_identity,0.24999999999999997,0.24999999999999997,0.51695976042529035,CIELAB_D65,30.354750119903425,43.311602364548548,297.43253932918799,30.354750119903425,43.311602364548548,297.43253932918799,0.40746756987620625,0.019823557023687828,-0.10950077749704074,0.11128069772214688,280.26144585359202,true,0.40746756987620625,0.019823557023687828,-0.10950077749704074,0.11128069772214688,280.26144585359202,true,43.311602364548548,43.311602364548548,true,81.803475928016596,77.775694847795407,58.331771135846552,0.55687837246980554,false,0,0,false,2.4076403726632293e-15,0,0,0,0,267.14442615800772,267.14442615800772,0,true,0.050876088171556789,0.050876088171556789,true
p3_r025_g025_b075,0.25,0.25,0.75,true,true,protected_core_asymptotic_soft_chroma_compression,0.25110801578888031,0.25028941130146931,0.77751379874015258,CIELAB_D65,35.649326595882762,81.941095136293953,301.31424915458064,35.649326595882762,81.678526267512993,301.31424915458064,0.46298237259331321,0.017789260152711657,-0.20220376844859436,0.20298478206898571,275.02776005879855,true,0.46292510186217345,0.018122717255829694,-0.2015401360764133,0.20235330323578593,275.13828205255186,true,81.941095136293953,81.678526267512993,true,108.71724925132224,105.5655124496497,79.174134337237277,0.77372358047776446,false,0,0,false,0.056087385092062729,0.00074490368617145277,0,-0.26256886878095997,0,261.99289157879377,262.08480204454099,0.09191046574721895,true,0.050876088171556748,0.050992027027053195,true
p3_r025_g025_b100,0.25,0.25,1,false,true,protected_core_asymptotic_soft_chroma_compression,0.33733935942244364,0.27890846133769343,0.92924784174137276,CIELAB_D65,42.174125432046836,116.09976435641089,303.29414883050896,42.174125432046836,97.149924430201025,303.29414883050896,0.52886469881299103,0.0070443444365084519,-0.28096059531930651,0.28104889060574367,271.43623935578933,true,0.52433276714875732,0.034630255927525611,-0.23437783429112638,0.23692240044496557,278.40486816000555,true,116.09976435641089,97.149924430201025,true,116.09976435644334,109.3008713212721,81.975653490954073,0.88883028338030956,false,0,0,false,3.2682759344868271,0.054327475023307072,0,-18.949839926209862,0,258.71402630274298,264.50874399269338,5.7947176899504029,true,-0.093273823795257949,0.063226612662110354,true
p3_r025_g050_b000,0.25,0.5,0,false,true,protected_core_asymptotic_soft_chroma_compression,0.27465973039939517,0.489514237828167,0.071728193028122056,CIELAB_D65,46.936396571897831,84.10486880553735,127.06000357704386,46.936396571897831,59.10068312062424,127.06000357704386,0.52628833572235167,-0.14132289358941771,0.12782395400566401,0.19055477813512836,137.87123825686675,true,0.53068783448406009,-0.10019890206853928,0.10351033408086815,0.14406321264387262,134.06870020857593,true,84.10486880553735,59.10068312062424,true,84.104868807323385,64.017330502038647,48.012997876528985,0.92319818176020574,false,0,0,false,5.9222609760540594,0.047975935444876792,0,-25.004185684913111,0,124.08797576706419,121.67598261082433,-2.4119931562398591,true,-0.017830430831481666,0.0061814431407394167,true
p3_r025_g050_b025,0.25,0.5,0.25,true,true,protected_core_asymptotic_soft_chroma_compression,0.16304452264068267,0.50402901519518717,0.23121339545479633,CIELAB_D65,47.46186091989113,54.676014469484244,143.96836144665437,47.46186091989113,51.180054729826566,143.96836144665437,0.53232535304314466,-0.11906096588600337,0.076739979798419136,0.14164934908840857,147.1964560883323,true,0.53316893707440938,-0.11171541296607361,0.072453066316696874,0.13315322118849415,147.03456185500499,true,54.676014469484244,51.180054729826566,true,84.285314745820997,60.591879515734199,45.443909636800647,0.84466854533760394,false,0,0,false,1.0340298804609058,0.0085467191902545616,0,-3.4959597396576783,0,137.86632987012277,137.86415800581923,-0.0021718643035342211,true,0.014173712541966445,0.022735396494593437,true
p3_r025_g050_b050,0.25,0.5,0.5,true,true,protected_core_asymptotic_soft_chroma_compression,0.17099266563411916,0.50431778672406136,0.50016311630406673,CIELAB_D65,49.090987052943703,27.943548048752515,195.37815117425902,49.090987052943703,25.976299061350236,195.37815117425902,0.55105273051742232,-0.083211922271412789,-0.020627320301155577,0.08573045171297132,193.9223505093149,true,0.55175542547603118,-0.077280647968536634,-0.019141961467445085,0.079616036319688999,193.9118301333697,true,27.943548048752515,25.976299061350236,true,40.656411089648508,30.609615788810718,22.957211841608039,0.84863198677736484,false,0,0,false,0.9256704414375182,0.0061546800018924723,0,-1.9672489874022787,0,200.9272862714931,200.84274528297243,-0.084540988520672045,true,0.014173712541966664,0.024775391410929604,true
p3_r025_g050_b075,0.25,0.5,0.75,true,true,protected_core_asymptotic_soft_chroma_compression,0.2073992089208328,0.50506029202464986,0.74491596711202124,CIELAB_D65,51.965740270521572,42.694073297269725,265.85199872559832,51.965740270521572,38.831200359734623,265.85199872559832,0.5835308602230429,-0.057052070207242275,-0.12120524811088955,0.13396137833179531,244.79333986267292,true,0.58388413866664668,-0.048208162168351471,-0.10977401035702707,0.11989312010918209,246.29092419395357,true,42.694073297269725,38.831200359734623,true,53.262354141763993,45.174709124848079,33.881031843636059,0.8595783152121228,false,0,0,false,1.3629130763116266,0.014457271929530948,0,-3.8628729375351014,0,242.281159051256,243.1707503515911,0.88959130033509837,true,0.014173712541966513,0.035457176419446727,true
p3_r025_g050_b100,0.25,0.5,1,false,true,protected_core_asymptotic_soft_chroma_compression,0.30656003273151083,0.50879051765325189,0.94681944777067062,CIELAB_D65,55.987206147894454,77.001419380776881,286.86511364435552,55.987206147894454,64.038304277327427,286.86511364435552,0.62768055757872265,-0.043579597492529071,-0.21262934917773169,0.21704935256608482,258.41730953217518,true,0.62687004396046642,-0.019973609881943556,-0.17553415797622612,0.17666687779020374,263.50837193278653,true,77.001419380776881,64.038304277327427,true,77.00141938076824,71.913043458244303,53.934782593683224,0.89049637169800389,false,0,0,false,3.106143765459239,0.043976730138480635,0,-12.963115103449454,0,251.09649617527381,254.55192076881283,3.4554245935390213,true,-0.080443169309484253,0.076529186664678991,true
p3_r025_g075_b000,0.25,0.75,0,false,true,protected_core_asymptotic_soft_chroma_compression,0.29421033613933045,0.73488485649010171,0.12636338458974486,CIELAB_D65,67.5087816900825,120.34770946636399,132.84189685240742,67.5087816900825,84.678210041524551,132.84189685240742,0.6941838429499636,-0.22117360406794154,0.16943238004907402,0.27861280398699628,142.54569768595198,true,0.70095742965492258,-0.15865311250809458,0.1368511818036709,0.20952101581838395,139.21956464615124,true,120.34770946636399,84.678210041524551,true,120.34770946743387,91.741148044528529,68.805861033396397,0.92301232158577495,false,0,0,false,6.354713783218692,0.070825333185525863,0,-35.669499424839444,0,128.87624373458308,127.20513154364303,-1.6711121909400504,true,-0.055215926046710481,0.014612117828415028,true
p3_r025_g075_b025,0.25,0.75,0.25,false,true,protected_core_asymptotic_soft_chroma_compression,0.1959415913003858,0.74283541482147353,0.27996967514166199,CIELAB_D65,67.808659986304178,99.211280126424768,141.38961393663229,67.808659986304178,77.000607702759737,141.38961393663229,0.69765176138834051,-0.20651722390352675,0.13714303175863368,0.24790638339657373,146.41283686274872,true,0.7025476732464665,-0.16239706665138764,0.11243102992953882,0.19751846432167322,145.30429995125522,true,99.211280126424768,77.000607702759737,true,117.42573874712855,84.950295615812081,63.712721711859061,0.90641953797306574,false,0,0,false,4.4736785061914421,0.050805917600976455,0,-22.210672423665031,0,135.39379753183175,135.15034705249533,-0.24345047933641695,true,-0.055215926046710148,0.031854328267829662,true
p3_r025_g075_b050,0.25,0.75,0.5,false,true,protected_core_asymptotic_soft_chroma_compression,0.19256300527378226,0.74377069942396012,0.51858392150885424,CIELAB_D65,68.756211094897282,69.333566333991286,159.60655928462552,68.756211094897282,53.57171316447554,159.60655928462552,0.70865650646073886,-0.17422400809624994,0.060643205494442458,0.18447656590950337,160.80821655645795,true,0.71322562711013937,-0.13685640438182492,0.047372313141190864,0.14482338026944624,160.90690339655649,true,69.333566333991286,53.57171316447554,true,82.756699729063598,59.044902885234535,44.283677163925901,0.90730461981795074,false,0,0,false,4.1864547188898831,0.039916553642801882,0,-15.761853169515746,0,157.18693081976801,157.85293737688428,0.6660065571162761,true,-0.055215926046710488,0.030834711375081768,true
p3_r025_g075_b075,0.25,0.75,0.75,false,true,protected_core_asymptotic_soft_chroma_compression,0.21147339803708515,0.7468966042672972,0.73866938057842169,CIELAB_D65,70.491913613140127,46.840994611688117,194.79905095313407,70.491913613140127,36.865972076876183,194.79905095313407,0.72874850322940299,-0.13993069359621502,-0.033521676234659507,0.14388989466915023,193.47184702891494,true,0.73230352870241189,-0.1097681362704977,-0.026217160493489666,0.11285558579281731,193.43294198331347,true,46.840994611688117,36.865972076876183,true,54.242116654518043,40.801052416941843,30.600789312706382,0.90355444021753484,false,0,0,false,3.4668841404487858,0.031237381784553001,0,-9.9750225348119343,0,200.71268843150233,200.39119259059331,-0.32149584090902295,true,-0.055215926046710523,0.03679284416021221,true
p3_r025_g075_b100,0.25,0.75,1,false,true,protected_core_asymptotic_soft_chroma_compression,0.25056095653666688,0.75148391342970267,0.96240914266485689,CIELAB_D65,73.048629141153569,49.984823977159124,244.56641009552635,73.048629141153569,40.462593468078857,244.56641009552635,0.75795115246017641,-0.11246079379879181,-0.12808187188537606,0.17044763432654692,228.71562698076912,true,0.76011771070895329,-0.084309676204347345,-0.10272819016042821,0.13289545724109231,230.62405706913478,true,49.984823977159124,40.462593468078857,true,49.98482397718103,45.094825513871392,33.821119135403542,0.89727796941208615,false,0,0,false,3.138147867077099,0.037947181363989856,0,-9.5222305090802664,0,231.53229565548537,232.47289593990945,0.94060028442407884,true,-0.056185489463109084,0.05110094870296162,true
p3_r025_g100_b000,0.25,1,0,false,true,protected_core_asymptotic_soft_chroma_compression,0.31948446086095905,0.98039527710256025,0.18158503062390174,CIELAB_D65,87.162757872022055,153.13229114508906,134.79615497438294,87.162757872022055,107.78676076126627,134.79615497438294,0.85570547884698955,-0.28840688359631422,0.2092261913013416,0.35630623013386048,144.04080720083169,true,0.86446950025636804,-0.20776698590312614,0.16883853019166259,0.26771919936483968,140.90151455087167,true,153.13229114508906,107.78676076126627,true,153.13229114574148,116.78407073986565,87.588053054899234,0.92295772940951226,false,0,0,false,6.5998630337269706,0.090613268019325746,0,-45.345530383822791,0,130.46961083012977,129.07592730130432,-1.3936835288254485,true,-0.16262001186722769,0.027654354522040882,true
p3_r025_g100_b025,0.25,1,0.25,false,true,protected_core_asymptotic_soft_chroma_compression,0.25513201794065621,0.98418761609748373,0.33062637938450334,CIELAB_D65,87.359588961402835,137.24646049056182,139.83969738630006,87.359588961402835,99.78947313019475,139.83969738630006,0.85798670167000934,-0.27822939708460698,0.18712664740583901,0.33530281772065845,146.07670410074633,true,0.8658943181393054,-0.2061954542419501,0.14825051355284538,0.25395822514485827,144.28460097122857,true,137.24646049056182,99.78947313019475,true,137.24646049113241,108.69737085575046,81.523028141812844,0.91804863672942782,false,0,0,false,5.9142868800644726,0.082236081515600662,0,-37.456987360367066,0,134.16223662529657,133.63998041411642,-0.52225621118014942,true,-0.16262001186722774,0.03559465823254504,true
p3_r025_g100_b050,0.25,1,0.5,false,true,protected_core_asymptotic_soft_chroma_compression,0.24668889889755727,0.98430926583083866,0.56187144249845988,CIELAB_D65,87.985843802771015,109.89139178295804,150.64684947036935,87.985843802771015,78.978352380671467,150.64684947036935,0.86527310864088869,-0.25219341385597721,0.12833051592700118,0.28296685196401095,153.03038997157765,true,0.87309376329562172,-0.18518699373646275,0.095550240697430899,0.20838443115186334,152.70779261724445,true,109.89139178295804,78.978352380671467,true,109.89139178344728,85.858892237164611,64.394169177873465,0.91986223351813923,false,0,0,false,5.8887005541774791,0.075003796041186135,0,-30.913039402286572,0,145.11971334915134,145.77335212402497,0.65363877487362743,true,-0.16262001186722813,0.035323686720712955,true
p3_r025_g100_b075,0.25,1,0.75,false,true,protected_core_asymptotic_soft_chroma_compression,0.25240322522934894,0.98656664705743735,0.77235256126977181,CIELAB_D65,89.149653108802482,82.452380204635176,167.25039507897449,89.149653108802482,59.635832850946286,167.25039507897449,0.87883555824135839,-0.21866344956768413,0.046225337046582958,0.22349605357121932,168.06344563291032,true,0.88593059028434518,-0.16140642170933858,0.033625415262763927,0.16487177296495045,168.23202494581483,true,82.452380204635176,59.635832850946286,true,82.452380205030124,64.900757507491278,48.675568130618458,0.91887730037762227,false,0,0,false,5.4366198158799479,0.059054760585584669,0,-22.81654735368889,0,167.84552329798464,168.48727692873246,0.64175363074781444,true,-0.16262001186722783,0.030287370885261122,true
p3_r025_g100_b100,0.25,1,1,false,true,protected_core_asymptotic_soft_chroma_compression,0.27468735576393682,0.99111844540941063,0.97924461445420619,CIELAB_D65,90.90182019838106,62.243794340521518,194.5969214929143,90.90182019838106,46.180098327267537,194.5969214929143,0.89916025168526958,-0.1861251036910577,-0.044048393005736465,0.19126634609986878,193.31465875691291,true,0.90488017183394476,-0.13751748050587542,-0.032417115749643163,0.14128668315948814,193.26422910342566,true,62.243794340521518,46.180098327267537,true,62.243794340754,50.485315987449809,37.863986990587357,0.91472336904353513,false,0,0,false,4.6717111611155051,0.050306114229067653,0,-16.063696013253981,0,200.63973087490584,200.22162787743096,-0.41810299747487534,true,-0.16262001186722866,0.020085553678986678,true
p3_r050_g000_b000,0.5,0,0,false,true,protected_core_asymptotic_soft_chroma_compression,0.49394614305431467,0.072719188964062279,0.031263821085396368,CIELAB_D65,26.450826966964694,72.44123398499022,39.016416303569194,26.450826966964694,56.356489983017653,39.016416303569194,0.38796451407059079,0.15674833107782091,0.08673734669853346,0.17914632736392824,28.958132730803928,true,0.38284618141569077,0.12325537801389416,0.071900007624602955,0.1426937255304728,30.256796869701457,true,72.44123398499022,56.356489983017653,true,72.44123398609446,62.207329715562523,46.655497286671888,0.90594613594093631,false,0,0,false,4.1266757089585653,0.036988131405944272,0,-16.084744001972567,0,44.022231651567139,35.560884914298846,-8.4613467372682933,true,-0.0090019185512712485,0.0024198003936065299,true
p3_r050_g000_b025,0.5,0,0.25,false,true,protected_core_asymptotic_soft_chroma_compression,0.49590685254006911,0.073777515374358518,0.25222289659465558,CIELAB_D65,27.584910404019823,58.918585337989299,2.0189251120234273,27.584910404019823,46.905517746643554,2.0189251120234273,0.39981370581508213,0.18180921456386903,0.0058216304240273501,0.18190239657883819,1.8340155333637804,true,0.39462117623546766,0.14400686250246147,0.0047433424892870798,0.14408496016508288,1.8865440115603467,true,58.918585337989299,46.905517746643554,true,58.918585338855813,52.054396417700218,39.040797313275164,0.90108657432620087,false,0,0,false,3.5544389195400501,0.038172541043006054,0,-12.013067591345745,0,5.668285749677807,5.9374311659813346,0.26914541630352762,true,-0.0090019185512712797,0.0064240689954687567,true
p3_r050_g000_b050,0.5,0,0.5,false,true,protected_core_asymptotic_soft_chroma_compression,0.50380577362658729,0.088848648634961419,0.47321536316988599,CIELAB_D65,30.873799736673135,75.809886620130825,330.66192376819572,30.873799736673135,61.483212933008915,330.66192376819572,0.43366880700337257,0.18927786223310092,-0.10292166828530044,0.21545064152645763,331.46443569576417,true,0.42733690869653762,0.15340432587248293,-0.083057495212144158,0.17444607965588188,331.56761673770126,true,75.809886620130825,61.483212933008915,true,75.809886620984201,68.555970449455771,51.416977837091828,0.8968323623737281,false,0,0,false,3.5037678879949001,0.041492034404991371,0,-14.326673687121911,0,330.33232111135874,329.81141822982784,-0.52090288153090114,true,-0.0090019185512711774,0.0083785329911713353,true
p3_r050_g000_b075,0.5,0,0.75,false,true,protected_core_asymptotic_soft_chroma_compression,0.52081990767462283,0.11080406452728052,0.69953569933291804,CIELAB_D65,36.068699500196288,103.23883214684739,318.01573622514195,36.068699500196288,85.328525102790479,318.01573622514195,0.48531751962743258,0.16897920993785984,-0.19651627461948157,0.25917681142714677,310.69137660082436,true,0.47781194602431559,0.14650790401501296,-0.16182750658615988,0.21829500183642744,312.15560606058295,true,103.23883214684739,85.328525102790479,true,103.23883214768021,95.646218665790656,71.734663999342985,0.89212648751904644,false,0,0,false,3.4162028415228143,0.042007188107032113,0,-17.910307044056907,0,299.80902763364577,301.84000505517213,2.0309774215263587,true,-0.0090019185512711982,0.011782094758241272,true
p3_r050_g000_b100,0.5,0,1,false,true,protected_core_asymptotic_soft_chroma_compression,0.54388940866949942,0.14015185348489129,0.92984775473204717,CIELAB_D65,42.50550062607207,131.24868931306335,312.78283370555954,42.50550062607207,109.75084034374993,312.78283370555954,0.5474845276974728,0.13752764397950859,-0.27632844172246518,0.30866042921521425,296.45936023258588,true,0.5390763934775934,0.13193951449112437,-0.23059367427326907,0.26567174877845051,299.77703200245548,true,131.24868931306335,109.75084034374993,true,131.24868931314836,123.45164655536701,92.588734916525254,0.88901884588900659,false,0,0,false,3.3472776613532256,0.046835807518078559,0,-21.497848969313424,0,281.03746387928152,285.36601319097781,4.3285493116962925,true,-0.094070355560169183,0.017421619726910868,true
p3_r050_g025_b000,0.5,0.25,0,false,true,protected_core_asymptotic_soft_chroma_compression,0.49443578688637702,0.26081656505474327,0.038975624363834206,CIELAB_D65,34.843298553105384,64.248909791106414,62.121798252451086,34.843298553105384,46.806975183008596,62.121798252451086,0.44948618507271371,0.076078093271046018,0.10386246689968093,0.12874505157964439,53.777641419377574,true,0.44641313664436566,0.05704679392498687,0.086197378921039333,0.10336500776363902,56.502776413109189,true,64.248909791106414,46.806975183008596,true,64.248909792854576,51.002885462602393,38.252164096951795,0.91773190395922943,false,0,0,false,4.9854710378074314,0.026147453312615962,0,-17.441934608097817,0,61.918611103969553,58.912678700494347,-3.0059324034752066,true,-0.0082039389676937888,0.0030166891922472293,true
p3_r050_g025_b025,0.5,0.25,0.25,true,false,protected_core_identity,0.53783181993112672,0.23213187867192006,0.24184420989867825,CIELAB_D65,35.642564301599165,36.696896548090251,24.007609979217531,35.642564301599165,36.696896548090251,24.007609979217527,0.45810275500067899,0.1001956660928382,0.037125009734841924,0.10685241153853119,20.330932657657513,true,0.45810275500067899,0.1001956660928382,0.037125009734841924,0.10685241153853119,20.330932657657513,true,36.696896548090251,36.696896548090251,true,75.391783056778578,66.030940360743131,49.523205270557348,0.55575305073055381,false,0,0,false,4.0648958722911205e-15,0,0,0,-3.5527136788005009e-15,24.71357492305934,24.71357492305934,0,true,0.044013862956322806,0.044013862956322806,true
p3_r050_g025_b050,0.5,0.25,0.5,true,false,protected_core_identity,0.53783181993112683,0.23213187867192006,0.51362725344695614,CIELAB_D65,38.05224132880258,49.950897226932,329.74218893161327,38.05224132880258,49.950897226932,329.74218893161327,0.4839395876333083,0.12234145459200819,-0.068887136761618215,0.14040252534374975,330.61732485775053,true,0.4839395876333083,0.12234145459200819,-0.068887136761618215,0.14040252534374975,330.61732485775053,true,49.950897226932,49.950897226932,true,88.426556321143224,80.06102419254475,60.045768144408562,0.62391029506194362,false,0,0,false,2.1855658043135109e-15,0,0,0,0,327.58330476950448,327.58330476950448,0,true,0.044013862956322806,0.044013862956322806,true
p3_r050_g025_b075,0.5,0.25,0.75,true,false,protected_core_identity,0.53783181993112661,0.23213187867192031,0.77705690990152498,CIELAB_D65,42.097592518922461,82.059322243963152,314.14207733290112,42.097592518922461,82.059322243963152,314.14207733290118,0.52615512514950746,0.12193487545313224,-0.16719635753758064,0.20693655024090202,306.1029517859576,true,0.52615512514950746,0.12193487545313224,-0.16719635753758064,0.20693655024090202,306.1029517859576,true,82.059322243963152,82.059322243963152,true,125.83459942165376,118.19548165412385,88.64661124059289,0.69426784421500853,false,0,0,false,0,0,0,0,5.6843418860808015e-14,293.62533074681005,293.62533074681005,0,true,0.044013862956322897,0.044013862956322897,true
p3_r050_g025_b100,0.5,0.25,1,false,true,protected_core_asymptotic_soft_chroma_compression,0.54156601431780405,0.28496208310674381,0.9361852125168445,CIELAB_D65,47.42905576666152,114.28396641282635,309.65815699604747,47.42905576666152,95.352154876615202,309.65815699604747,0.58007925069156907,0.10654587068607736,-0.25262303960142635,0.27417225005043483,292.86799011466218,true,0.57374344756981388,0.1033890976033599,-0.20991987862977335,0.23399927552703204,296.2210276473391,true,114.28396641282635,95.352154876615202,true,114.28396641285143,107.182251992971,80.386688994728246,0.88962634301496468,false,0,0,false,3.3116051266239035,0.043285881930074155,0,-18.931811536211143,0,277.64424935286428,281.66212730626978,4.0178779534055025,true,-0.090069661173272308,0.066012663014483414,true
p3_r050_g050_b000,0.5,0.5,0,false,true,protected_core_asymptotic_soft_chroma_compression,0.51260334294716459,0.4930559422958391,0.07982875457933615,CIELAB_D65,51.504363491742112,76.344788966830848,100.80247297196344,51.504363491742112,53.179312203702558,100.80247297196344,0.57710330591403669,-0.050682983369715419,0.13753146732270499,0.14657308520731602,110.22980955562514,true,0.57853030126839922,-0.03359239840796148,0.11256946407138325,0.11747482058772279,106.61588399700881,true,76.344788966830848,53.179312203702558,true,76.344788968288313,57.526114104976557,43.144585578732418,0.92443776241618314,false,0,0,false,5.9181945203385675,0.030285739488995465,0,-23.165476763128289,0,100.74934350482091,96.65402198563352,-4.0953215191873937,true,-0.02103459345346733,0.0071725263420899686,true
p3_r050_g050_b025,0.5,0.5,0.25,true,false,protected_core_identity,0.50000000000000022,0.50000000000000011,0.20549033981278117,CIELAB_D65,51.961835357356129,41.30953909827641,104.89891023165706,51.961835357356129,41.30953909827641,104.89891023165706,0.58220776400362195,-0.031913432379776598,0.092245402677998592,0.097609843158795631,109.08369134169796,true,0.58220776400362195,-0.031913432379776598,0.092245402677998592,0.097609843158795631,109.08369134169796,true,41.30953909827641,41.30953909827641,true,77.606984865315269,58.593711112012102,43.945283334009076,0.7050166018552062,false,0,0,false,0,0,0,0,0,98.054320640107505,98.054320640107505,0,true,0.034841271063797648,0.034841271063797648,true
p3_r050_g050_b050,0.5,0.5,0.5,true,false,identity_no_gamut_contraction,0.50000000000000011,0.50000000000000011,0.50000000000000011,CIELAB_D65,53.388964741114322,2.2204460492503131e-14,0,53.388964741114322,2.2204460492503131e-14,0,0.59818073052684784,-6.4564211189250343e-16,1.7063681439810828e-16,6.6781034663813528e-16,0,false,0.59818073052684784,-5.9561616077565222e-16,8.0855770140935196e-17,6.0107925146540481e-16,0,false,2.2204460492503131e-14,2.2204460492503131e-14,false,0,0,0,0,false,0,0,false,4.0029660424867198e-14,1.0277758361167118e-16,0,0,0,0,0,0,false,0.21404114048223244,0.21404114048223255,true
p3_r050_g050_b075,0.5,0.5,0.75,true,false,protected_core_identity,0.49999999999999961,0.50000000000000011,0.76914051239689019,CIELAB_D65,55.937257098019252,39.317586306446103,294.64957280238821,55.937257098019252,39.317586306446103,294.64957280238821,0.62638276051191799,0.023129617032906641,-0.099878094243557189,0.10252128019983858,283.0386310494539,true,0.62638276051191799,0.023129617032906641,-0.099878094243557189,0.10252128019983858,283.0386310494539,true,39.317586306446103,39.317586306446103,true,81.093925963433989,75.704579405909143,56.778434554431854,0.51935545531050342,false,0,0,false,0,0,0,0,0,270.13416503343495,270.13416503343495,0,true,0.21404114048223213,0.21404114048223213,true
p3_r050_g050_b100,0.5,0.5,1,false,true,protected_core_asymptotic_soft_chroma_compression,0.52963034855526703,0.51079979774338746,0.95142660586692762,CIELAB_D65,59.558214207736306,76.446356907428196,297.94474026596521,59.558214207736306,63.425050547856657,297.94474026596521,0.66556897414366856,0.032880541664433834,-0.19286892773056857,0.19565161206615664,279.67484395151894,true,0.66305875213265641,0.036486497792614182,-0.15887403895179741,0.16300989164473326,282.93408524315089,true,76.446356907428196,63.425050547856657,true,76.446356907487967,71.173699196023648,53.380274397017736,0.89113044936970343,false,0,0,false,3.1398842416258317,0.034277639901602805,0,-13.02130635957154,0,266.53950545269646,269.58163956592756,3.0421341132310999,true,-0.077239006687498613,0.10695949138074612,true
p3_r050_g075_b000,0.5,0.75,0,false,true,protected_core_asymptotic_soft_chroma_compression,0.53092235675425536,0.73526943945934864,0.13166320280393509,CIELAB_D65,70.208017387088674,107.58223855494313,120.28868130841826,70.208017387088674,75.462284988681773,120.28868130841826,0.725420095191048,-0.15699339016474609,0.17526354047999856,0.23529605431669331,131.85258830851916,true,0.73034557691427204,-0.10987438662625588,0.14233082723109153,0.17980668846509237,127.66687638769808,true,107.58223855494313,75.462284988681773,true,107.58223855580515,81.71730509419676,61.287978820647567,0.92345537951472179,false,0,0,false,6.2752735523958165,0.057697698971456421,0,-32.119953566261358,0,118.33754003360134,115.21465028670924,-3.1228897468920991,true,-0.045292273299842728,0.015657953850734596,true
p3_r050_g075_b025,0.5,0.75,0.25,true,true,protected_core_asymptotic_soft_chroma_compression,0.4518719180236721,0.75176933368960386,0.19216000428232347,CIELAB_D65,70.489502444275999,83.916874926530056,127.54892198324455,70.489502444275999,76.155605897425872,127.54892198324455,0.72861894721700238,-0.1436448706308632,0.14493525715608341,0.20405900525450341,134.74380353333052,true,0.73004904742026389,-0.13021487390649114,0.13507108700034684,0.18761692868698884,133.9512847153282,true,83.916874926530056,76.155605897425872,true,116.24518930852679,88.493407351551852,66.370055513663885,0.86057942819274191,false,0,0,false,1.6866443138840204,0.016724588230187819,0,-7.7612690291041844,0,122.30685912747981,121.726846890606,-0.58001223687381298,true,0.010583591217422143,0.030714380675962407,true
p3_r050_g075_b050,0.5,0.75,0.5,true,false,protected_core_identity,0.41639722430961429,0.75826856560967093,0.47286975223570948,CIELAB_D65,71.380117750524647,50.714349688581414,145.55569863078435,71.380117750524647,50.714349688581414,145.55569863078435,0.73878690199286612,-0.11373275490367138,0.0714483435629788,0.13431308698660768,147.86244626128806,true,0.73878690199286612,-0.11373275490367138,0.0714483435629788,0.13431308698660768,147.86244626128806,true,50.714349688581414,50.714349688581414,true,112.31574188903191,80.491255254560826,60.36844144092062,0.63006036529300891,false,0,0,false,1.2245754805094336e-14,0,0,0,0,139.77077679758008,139.77077679758008,0,true,0.14465150189355583,0.14465150189355583,true
p3_r050_g075_b075,0.5,0.75,0.75,true,false,protected_core_identity,0.41639722430961379,0.75826856560967104,0.75387555016030938,CIELAB_D65,73.015997330297338,27.563898133983361,196.03260064888096,73.015997330297338,27.563898133983361,196.03260064888096,0.75743309637212575,-0.081734802734826417,-0.021033216245816083,0.084397714209238209,194.43109277207756,true,0.75743309637212575,-0.081734802734826417,-0.021033216245816083,0.084397714209238209,194.43109277207756,true,27.563898133983361,27.563898133983361,true,55.35368384731624,41.717621421664376,31.288216066248282,0.66072554461767929,false,0,0,false,1.0456020804031498e-14,0,0,0,0,201.18082626566829,201.18082626566829,0,true,0.1446515018935555,0.1446515018935555,true
p3_r050_g075_b100,0.5,0.75,1,false,true,protected_core_asymptotic_soft_chroma_compression,0.50023315433943694,0.7527067810205007,0.97068969395580973,CIELAB_D65,75.435472229561668,41.61499994690503,260.34243559600924,75.435472229561668,34.291044250980697,260.34243559600924,0.78471204558534868,-0.056553857071593695,-0.1152693871261556,0.1283953673545653,243.86635104150088,true,0.78547057234738704,-0.04260732889722469,-0.09425904855737291,0.10344154248026981,245.67590153675945,true,41.61499994690503,34.291044250980697,true,41.614999946915347,38.403712269769038,28.802784202326777,0.8929096231661493,false,0,0,false,2.7050422634082469,0.025229255592309385,0,-7.323955695924333,0,241.41896886733912,242.53460270448537,1.1156338371462482,true,-0.052981326841123444,0.065385580500957108,true
p3_r050_g100_b000,0.5,1,0,false,true,protected_core_asymptotic_soft_chroma_compression,0.54803138815575336,0.98004273869453318,0.18536784586767316,CIELAB_D65,88.957847587512205,141.86575419163782,128.02054385355433,88.957847587512205,99.712471052524975,128.02054385355433,0.87685346962766275,-0.24239734137718169,0.21313594138357439,0.32277453526600952,138.67537246109518,true,0.88438381772254637,-0.17218277287847253,0.17252301964864494,0.24374392214946897,134.94344540180273,true,141.86575419163782,99.712471052524975,true,141.86575419226443,108.01153617987427,81.008652134905702,0.92316501161941944,false,0,0,false,6.5501091291005071,0.081462882245459139,0,-42.153283139112844,0,124.89105258815263,122.59379756815186,-2.297255020000776,true,-0.082839290131429183,0.028727470561573525,true
p3_r050_g100_b025,0.5,1,0.25,false,true,protected_core_asymptotic_soft_chroma_compression,0.47362300867291207,0.99053103141382581,0.27472841639446594,CIELAB_D65,89.148021719609247,124.90121966534217,132.83112820847609,89.148021719609247,97.918889130046736,132.83112820847609,0.8790342170597174,-0.23276231615701298,0.19181994911770622,0.30161762001298376,140.5079881694177,true,0.88434154843435109,-0.18363535640802092,0.16177515479532181,0.24473075988144852,138.62128262118807,true,124.90121966534217,97.918889130046736,true,124.90121966590513,108.27270040494159,81.204525303706191,0.90437283603187657,false,0,0,false,4.4869973816022037,0.057830057983488475,0,-26.982330535295432,0,127.91182766421743,126.8360524053668,-1.0757752588506264,true,-0.033055036158417206,0.021405608921907127,true
p3_r050_g100_b050,0.5,1,0.5,false,true,protected_core_asymptotic_soft_chroma_compression,0.46403964888444632,0.99119593144021967,0.53693761549601537,CIELAB_D65,89.753336693497644,96.035842938436431,143.65504346513077,89.753336693497644,74.793447762613596,143.65504346513077,0.88600265887478791,-0.20795367860995356,0.13461697443809292,0.24772255096029916,147.08335616641438,true,0.89114811137360472,-0.16328054002093573,0.10815439653553147,0.1958517506674203,146.48015104495553,true,96.035842938436431,74.793447762613596,true,96.035842938852397,82.578387879342074,61.933790909506556,0.90572666388082912,false,0,0,false,4.385636121282614,0.052176939562035535,0,-21.242395175822836,0,137.53028832914882,137.49624695740786,-0.034041371740954673,true,-0.033055036158416762,0.019911347131198909,true
p3_r050_g100_b075,0.5,1,0.75,false,true,protected_core_asymptotic_soft_chroma_compression,0.47059910025290907,0.99212642202466805,0.76828992013097253,CIELAB_D65,90.879181144642374,67.744568320076837,161.78270506168789,90.879181144642374,52.224072467276542,161.78270506168789,0.89899020630934967,-0.17582423653882648,0.053875566110712612,0.18389328094906288,162.96403589765333,true,0.90379526812119781,-0.13722730802542785,0.041802752390924028,0.14345314278663454,163.0579979080847,true,67.744568320076837,52.224072467276542,true,67.74456832037194,57.53115125533477,43.148363441501075,0.90775295344770091,false,0,0,false,4.1960863917683762,0.040725475329292361,0,-15.520495852800295,0,160.80840184143628,161.30947464913751,0.50107280770123452,true,-0.033055036158416762,0.017817977637092475,true
p3_r050_g100_b100,0.5,1,1,false,true,protected_core_asymptotic_soft_chroma_compression,0.50137462830162893,0.99345545791664303,0.98456591312737674,CIELAB_D65,92.57642178804312,48.556247767875377,195.2835926146563,92.57642178804312,36.770001709415922,195.2835926146563,0.91849683691785422,-0.14467433796029977,-0.035666089040967783,0.14900581858346768,193.84879243278777,true,0.92271081702452962,-0.10920163900180485,-0.026840128030841633,0.11245172490181055,193.8087248662643,true,48.556247767875377,36.770001709415922,true,48.556247768076076,40.357094376464076,30.267820782348057,0.91111618112080639,false,0,0,false,4.0440778400133039,0.0367962985569436,0,-11.786246058459454,0,200.89166284008866,200.58943105554187,-0.302231784546791,true,-0.033055036158416762,0.014823462181246416,true
p3_r075_g000_b000,0.75,0,0,false,true,protected_core_asymptotic_soft_chroma_compression,0.71714047311490026,0.17698423033814845,0.04358488646791684,CIELAB_D65,41.159506791846376,103.82450321522063,43.118222461621706,41.159506791846376,73.273539856920621,43.118222461621706,0.52238935873429759,0.21105966444012306,0.11679075089820451,0.24121828589255792,28.958132730803907,true,0.51323819877651033,0.14878788072281374,0.099363927589653719,0.17891624732267383,33.735899532417982,true,103.82450321522063,73.273539856920621,true,103.82450321590227,79.42281315263962,59.567109864479718,0.9225754786109005,false,0,0,false,6.1289633267703234,0.065308597799491969,0,-30.55096335830001,0,44.022235642682155,39.327625505027747,-4.6946101376544078,true,-0.021975665330084587,0.0033832875795448782,true
p3_r075_g000_b025,0.75,0,0.25,false,true,protected_core_asymptotic_soft_chroma_compression,0.7438420891887304,0.12644932651470997,0.26548465206461386,CIELAB_D65,41.79479826852458,81.695569322153645,18.983689159593663,41.79479826852458,64.675551275720068,18.983689159593663,0.52901613966707028,0.2305925916941792,0.0613105917654179,0.23860413241782752,14.889475650637371,true,0.52229730377868722,0.18297125791455443,0.05060534897970094,0.18984041342188368,15.460134950840327,true,81.695569322153645,64.675551275720068,true,81.695569322625971,71.678006135547292,53.758504601660469,0.90230678506060602,false,0,0,false,3.9643863062331559,0.049270035617468351,0,-17.020018046433577,0,18.393842552208209,19.344872076577186,0.95102952436897681,true,-0.021975665330084514,0.014628741383837568,true
p3_r075_g000_b050,0.75,0,0.5,false,true,protected_core_asymptotic_soft_chroma_compression,0.74594906860458965,0.13738272714216426,0.49018232481617385,CIELAB_D65,43.743488733788126,83.013142551023066,349.6214902680095,43.743488733788126,66.441790778019922,349.6214902680095,0.54935260717328283,0.25288380859215576,-0.038817638687988709,0.25584571468247286,351.27321906899658,true,0.5419765420091498,0.20064228860278435,-0.03104283798342871,0.20302951944441086,351.20508384625674,true,83.013142551023066,66.441790778019922,true,83.013142551481906,73.83291147756421,55.374683608173157,0.89989395580329723,false,0,0,false,3.7984839185593762,0.053329450345011582,0,-16.571351773003144,0,354.86834730618961,354.55735511389065,-0.31099219229895425,true,-0.021975665330084597,0.016834207703346451,true
p3_r075_g000_b075,0.75,0,0.75,false,true,protected_core_asymptotic_soft_chroma_compression,0.75552008606945542,0.15364533721326254,0.71115021144311463,CIELAB_D65,47.11498422617391,102.07706277488116,330.66192376819572,47.11498422617391,82.786376103926557,330.66192376819572,0.58392961669772614,0.25486027069103989,-0.13858273719755596,0.29010159018157239,331.46443569576422,true,0.57540379493777205,0.2065570033154536,-0.11183587696325697,0.2348894612254902,331.5676167377037,true,102.07706277488116,82.786376103926557,true,102.07706277529635,92.309755509590701,69.232316632193033,0.89683236237501796,false,0,0,false,3.7389346678276909,0.055868504617834637,0,-19.290686670954599,0,330.33232111135874,329.81141822981562,-0.52090288154312248,true,-0.021975665330084507,0.020453843914585382,true
p3_r075_g000_b100,0.75,0,1,false,true,protected_core_asymptotic_soft_chroma_compression,0.77140249078708456,0.17468428077896858,0.93636524234480956,CIELAB_D65,51.716138957535108,127.19965498845809,320.76890976311671,51.716138957535108,104.54437646181979,320.76890976311671,0.62994226797111874,0.23860941847864875,-0.22778400184464495,0.32987877482960332,316.32964854909869,true,0.62026999798991822,0.20179099215612675,-0.18641279628102767,0.27471682717421214,317.26851279946618,true,127.19965498845809,104.54437646181979,true,127.19965498853853,116.99718820965339,87.747891157240048,0.89356315362452343,false,0,0,false,3.6457053233031287,0.056220334161611769,0,-22.655278526638298,0,308.0828765032054,309.19417492080908,1.1112984176036775,true,-0.088012554600285897,0.025757822968291617,true
p3_r075_g025_b000,0.75,0.25,0,false,true,protected_core_asymptotic_soft_chroma_compression,0.7216272534212036,0.30052025257860071,0.057293617918364341,CIELAB_D65,46.289712660916223,96.804208357389442,52.236013546282912,46.289712660916223,66.510662325919299,52.236013546282912,0.55959588708289842,0.15961677124247389,0.12729566023648589,0.20416096291141236,38.572642531015134,true,0.55228860175894823,0.11019181423312817,0.10716593100145592,0.15371002794677074,44.202424832585393,true,96.804208357389442,66.510662325919299,true,96.804208359448097,71.801208838466493,53.85090662884987,0.92631674872703729,false,0,0,false,6.4805115002358926,0.05386491245009975,0,-30.293546031470143,0,49.60145887604174,48.867140307044572,-0.73431856899716763,true,-0.014261739927577174,0.0046243029197741902,true
p3_r075_g025_b025,0.75,0.25,0.25,true,true,protected_core_asymptotic_soft_chroma_compression,0.80647742941691636,0.20578689074109358,0.23076166874493348,CIELAB_D65,46.826004920554773,69.971026370803628,29.271484331268237,46.826004920554773,68.166960904639453,29.271484331268237,0.56527713230657584,0.17794639796219197,0.07776830553603889,0.19419791423613567,23.606876884243288,true,0.56464241525826298,0.17349502396924588,0.07620894149441268,0.18949492369398188,23.713829322001022,true,69.971026370803628,68.166960904639453,true,95.852714282038335,83.806858603382636,62.855143952536977,0.81338164967190496,false,0,0,false,0.43916441806620832,0.0047591188649594241,0,-1.8040654661641753,0,27.625277704448862,27.7300720698506,0.10479436540173737,true,0.031040116177509413,0.034936541664398406,true
p3_r075_g025_b050,0.75,0.25,0.5,true,true,protected_core_asymptotic_soft_chroma_compression,0.80333232813165356,0.21182796865295953,0.50530558653981905,CIELAB_D65,48.487010586232188,66.670876868177345,353.81862728692391,48.487010586232188,64.37963459830803,353.81862728692391,0.5829162299356242,0.20364641287179056,-0.018093870439564518,0.20444864788751116,354.92263448900786,true,0.58192694799942746,0.1964205032843182,-0.017471447525055351,0.19719600804551196,354.91696341652408,true,66.670876868177345,64.37963459830803,true,88.262495024264069,78.307425266077644,58.730568949558233,0.8221395912272057,false,0,0,false,0.58030432028909495,0.0073198263913918137,0,-2.2912422698693149,0,358.63435144158677,358.61606430997472,-0.018287131612055418,true,0.031040116177509541,0.036910449727086056,true
p3_r075_g025_b075,0.75,0.25,0.75,true,true,protected_core_asymptotic_soft_chroma_compression,0.80088882919425131,0.22127469445710196,0.7599644472359669,CIELAB_D65,51.412407826745984,86.324236677285825,330.25652390174838,51.412407826745984,82.426386647240292,330.25652390174838,0.61357210336826773,0.21377688349800478,-0.11810819148320865,0.24423370122395843,331.08007586607505,true,0.61191842073588798,0.20407834800447086,-0.11264101743626771,0.23310077420144165,331.10350393958544,true,86.324236677285825,82.426386647240292,true,109.5730561364459,99.140007753864523,74.355005815398385,0.83141396207957508,false,0,0,false,0.81258513736160509,0.01125549861301205,0,-3.8978500300455323,0,329.04707950755744,328.95182688161344,-0.095252625943999192,true,0.031040116177509403,0.040124788326561252,true
p3_r075_g025_b100,0.75,0.25,1,false,true,protected_core_asymptotic_soft_chroma_compression,0.7737460437510616,0.29678593946512188,0.9466530081917881,CIELAB_D65,55.494610864180999,113.57486922998586,319.28988390424638,55.494610864180999,94.283330460333929,319.28988390424638,0.65538055726033539,0.20674989360909138,-0.20947284439184868,0.29432021854602897,314.62517338008161,true,0.64771554647597473,0.17636002328927972,-0.17301984191185715,0.24706016172138989,315.54774898178528,true,113.57486922998586,94.283330460333929,true,113.57486923006479,105.81991542954076,79.364936572155571,0.89097907589154746,false,0,0,false,3.3983105373789435,0.048074088636037647,0,-19.291538769651936,0,305.36633088251307,306.51729916834154,1.1509682858284691,true,-0.0840118602133888,0.071657630296586228,true
p3_r075_g050_b000,0.75,0.5,0,false,true,protected_core_asymptotic_soft_chroma_compression,0.74442145443126306,0.50706340405903805,0.092492937246311371,CIELAB_D65,58.76126237202854,90.310035665684921,75.6793240295424,58.76126237202854,61.836322664924801,75.6793240295424,0.652665953886573,0.04901583624077506,0.15261439211191868,0.16029256028298053,72.194311170688394,true,0.65010412538816731,0.035552934003506571,0.12641713661497536,0.13132137505443292,74.292154164482753,true,90.310035665684921,61.836322664924801,true,90.310035667214379,66.722096769357762,50.041572577018322,0.92677427207778096,false,0,0,false,6.4372297621513344,0.029565332696887069,0,-28.473713000760121,0,75.030068142983183,72.410019173872513,-2.6200489691106696,true,-0.027092394413350734,0.0088970296027999617,true
p3_r075_g050_b025,0.75,0.5,0.25,true,true,protected_core_asymptotic_soft_chroma_compression,0.79176791614243058,0.48627173354442876,0.18868453310417993,CIELAB_D65,59.134896059140218,57.705771707181668,64.973953822741606,59.134896059140218,57.309079243072262,64.973953822741606,0.65673409221985746,0.064184846369574777,0.11481280766521484,0.13153583278884706,60.793103637325935,true,0.65667248987571747,0.063818799723407718,0.11424453555994835,0.13086119785270472,60.811585565332734,true,57.705771707181668,57.309079243072262,true,100.48748687895184,73.077393553595996,54.808045165197001,0.78422445651459871,false,0,0,false,0.11057003585947603,0.00067876224231884919,0,-0.39669246410940673,0,61.231351140221321,61.20680926877322,-0.024541871448100494,true,0.028783470103914213,0.029688018556173187,true
p3_r075_g050_b050,0.75,0.5,0.5,true,false,protected_core_identity,0.79292874144140346,0.48572711313261308,0.49340030500044563,CIELAB_D65,60.308793891004569,32.908020569908459,21.256765487389252,60.308793891004569,32.908020569908459,21.256765487389252,0.66957545905741056,0.092870124217983685,0.030873856085592351,0.097867537834859145,18.388932893302535,true,0.66957545905741056,0.092870124217983685,0.030873856085592351,0.097867537834859145,18.388932893302535,true,32.908020569908459,32.908020569908459,true,88.395546238214337,70.856845834904476,53.142634376178357,0.46442965647361323,false,0,0,false,2.8159028460606619e-15,0,0,0,0,23.357285263626597,23.357285263626597,0,true,0.20106739370341944,0.20106739370341944,true
p3_r075_g050_b075,0.75,0.5,0.75,true,false,protected_core_identity,0.79292874144140379,0.48572711313261296,0.76536564468969892,CIELAB_D65,62.43444094703846,47.90433941371171,329.19487779883127,62.43444094703846,47.90433941371171,329.19487779883127,0.69270404909198435,0.11591662578203155,-0.066502338055228219,0.1336384117666152,330.15674602638609,true,0.69270404909198435,0.11591662578203155,-0.066502338055228219,0.1336384117666152,330.15674602638609,true,47.90433941371171,47.90433941371171,true,121.13791000205617,104.72883655632481,78.546627417243599,0.45741307732324521,false,0,0,false,0,0,0,0,0,326.19555779237066,326.19555779237066,0,true,0.20106739370341928,0.20106739370341928,true
p3_r075_g050_b100,0.75,0.5,1,false,true,protected_core_asymptotic_soft_chroma_compression,0.76977751312758469,0.51555764491247758,0.95900520294846925,CIELAB_D65,65.513766352577065,79.240427742723313,313.72480852672709,65.513766352577065,65.451403468612995,313.72480852672709,0.72568542627898525,0.12628100078147869,-0.16074303645839044,0.20441432172975371,308.15345791945219,true,0.72129007708030835,0.10749689755884477,-0.13189694519902612,0.17015401005445527,309.18026566947651,true,79.240427742723313,65.451403468612995,true,79.240427742757959,73.35192779173542,55.013945843801565,0.89229288771313542,false,0,0,false,3.2402860710140868,0.034702429445219694,0,-13.789024274110318,0,296.39522200085196,297.722944532415,1.3277225315630403,true,-0.071181205727615104,0.090734868560500725,true
p3_r075_g075_b000,0.75,0.75,0,false,true,protected_core_asymptotic_soft_chroma_compression,0.76828052445502015,0.73992798837492213,0.14056242781927927,CIELAB_D65,74.893779913597541,102.7973020847765,100.80247297196344,74.893779913597541,71.605277782730099,100.80247297196344,0.77706237288759705,-0.06824400227601525,0.18518439809529205,0.19735882332585078,110.22980955562505,true,0.77898380425839597,-0.045231743693357501,0.15157337337916182,0.15817837448614899,106.61588399695923,true,102.7973020847765,71.605277782730099,true,102.79730208555894,77.458192096692358,58.093644072519268,0.92443776241696984,false,0,0,false,6.3346193036577594,0.040779368877609086,0,-31.192024302046406,0,100.74934350482084,96.654021985575852,-4.0953215192449903,true,-0.051350074259726139,0.017509716132051305,true
p3_r075_g075_b025,0.75,0.75,0.25,true,true,protected_core_asymptotic_soft_chroma_compression,0.75473503725242586,0.74679035954044948,0.1967599009628829,CIELAB_D65,75.147111733053961,76.520500632503811,102.98946011776593,75.147111733053961,67.929151505438043,102.98946011776593,0.77988305768713484,-0.056618161035592918,0.15786323567464741,0.16770932394092347,109.73053647280065,true,0.78051860679050744,-0.049061813931728412,0.14546764120019498,0.1535183905029629,108.63768715952327,true,76.520500632503811,67.929151505438043,true,103.54338801554584,78.105253848015963,58.578940386011972,0.86971295986849395,false,0,0,false,2.0214417560450721,0.014531106860523559,0,-8.5913491270657687,0,99.34469986233637,98.131000501165033,-1.2136993611713365,true,0.0045257902575388045,0.032104198992056902,true
p3_r075_g075_b050,0.75,0.75,0.5,true,false,protected_core_identity,0.75000000000000011,0.75000000000000011,0.4657827006189923,CIELAB_D65,75.950220827797992,38.146033708345378,106.56018959502177,75.950220827797992,38.146033708345378,106.56018959502177,0.78886780358449105,-0.029684141739625646,0.089353637430673108,0.094155301459399363,108.37698586987695,true,0.78886780358449105,-0.029684141739625646,0.089353637430673108,0.094155301459399363,108.37698586987695,true,38.146033708345378,38.146033708345378,true,105.58139301812227,79.77465629271741,59.830992219538061,0.47817233543916515,false,0,0,false,0,0,0,0,0,96.876378338086511,96.876378338086511,0,true,0.18372565967597373,0.18372565967597373,true
p3_r075_g075_b075,0.75,0.75,0.75,true,false,identity_no_gamut_contraction,0.75000000000000011,0.75000000000000011,0.75000000000000022,CIELAB_D65,77.431371890244847,0,0,77.431371890244847,0,0,0.80544286112280061,-7.5425981093204595e-16,1.2597092199720134e-16,7.6470682982177594e-16,0,false,0.80544286112280061,-7.5425981093204595e-16,1.2597092199720134e-16,7.6470682982177594e-16,0,false,0,0,false,0,0,0,0,false,0,0,false,0,0,0,0,0,0,0,0,false,0.47747844603160783,0.47747844603160783,true
p3_r075_g075_b100,0.75,0.75,1,false,true,protected_core_asymptotic_soft_chroma_compression,0.75775448502478315,0.75419482850132558,0.97593600755088783,CIELAB_D65,79.635403825028249,36.807764853627965,293.38638039240846,79.635403825028249,30.201372175903092,293.38638039240846,0.82991604941633523,0.023453614696257608,-0.093319595938012923,0.096221718070062065,284.10771120427739,true,0.82891466155444238,0.020787973074824467,-0.076096799614762775,0.078885123668338039,285.27915393925286,true,36.807764853627965,30.201372175903092,true,36.807764853649857,33.782859358566412,25.337144518924809,0.89398507850830711,false,0,0,false,2.6393469911893725,0.017456607233251879,0,-6.6063926777248732,0,271.35520894304722,272.53071308923995,1.1755041461927362,true,-0.046923525881239936,0.053871342092126184,true
p3_r075_g100_b000,0.75,1,0,false,true,protected_core_asymptotic_soft_chroma_compression,0.78709299180022696,0.98145930057454456,0.1919882508571667,CIELAB_D65,92.193183024860616,130.64001291490825,116.0798091657872,92.193183024860616,91.519995780885822,116.0798091657872,0.9137236605203064,-0.17050918774239784,0.22007828119377834,0.27840228619352259,127.76731007143815,true,0.91906326021611451,-0.11833661371574772,0.17903064530124843,0.21460551275000259,123.46411490221908,true,130.64001291490825,91.519995780885822,true,130.64001291542752,99.086721883980772,74.315041412985579,0.92363531703112833,false,0,0,false,6.5215258684730371,0.066598777900525111,0,-39.120017134022433,0,114.67902958048209,111.20500236932222,-3.4740272111598784,true,-0.088897091091312552,0.030663180797639852,true
p3_r075_g100_b025,0.75,1,0.25,false,true,protected_core_asymptotic_soft_chroma_compression,0.74562243107977288,0.99197835571080051,0.24623976840416378,CIELAB_D65,92.372181705313011,111.92936874281975,119.77105056256364,92.372181705313011,90.246958883021392,119.77105056256364,0.91574583363526096,-0.16169402460960997,0.20007074681887699,0.25724163995573562,128.94459725718411,true,0.91907907748138229,-0.12932554128658633,0.17324482791675352,0.21619173441409384,126.74097346803916,true,111.92936874281975,90.246958883021392,true,111.92936874344704,100.4741965155398,75.355647386654852,0.89821030685289815,false,0,0,false,3.9074699912138104,0.04217178146715965,0,-21.682409859798355,0,116.16728757218561,114.35970200700207,-1.807585565183544,true,-0.033021226574047692,0.018151263874362278,true
p3_r075_g100_b050,0.75,1,0.5,false,true,protected_core_asymptotic_soft_chroma_compression,0.73815574862664635,0.99287684739770576,0.52944788306142887,CIELAB_D65,92.942297457879548,79.863871160171314,128.60212205642785,92.942297457879548,63.832483816984336,128.60212205642785,0.92221142434009618,-0.13871008565981718,0.14560667512094089,0.20110144629894894,133.61046532817846,true,0.92539256376239665,-0.10998535841798587,0.12028101801064957,0.16298558942437524,132.4398988591758,true,79.863871160171314,63.832483816984336,true,79.863871160641693,70.908742526102202,53.181556894576651,0.90020611765167002,false,0,0,false,3.7871435481720774,0.038426794183352965,0,-16.031387343186978,0,121.74336155125707,120.74448613033861,-0.99887542091845205,true,-0.020081289379603851,0.016127811303596973,true
p3_r075_g100_b075,0.75,1,0.75,false,true,protected_core_asymptotic_soft_chroma_compression,0.73784702764973742,0.99413716817935027,0.77007452347867233,CIELAB_D65,94.004146106014886,47.778009554383623,146.2179034966951,94.004146106014886,37.59462339765637,146.2179034966951,0.9342854229821439,-0.10853691046382861,0.067315867845562136,0.12771721495880786,148.19232411377718,true,0.93714213516542677,-0.085639249255463193,0.053456524704211361,0.10095385602586615,148.02734652568921,true,47.778009554383623,37.59462339765637,true,47.778009554688609,41.605204820187858,31.203903615140895,0.90360385341534344,false,0,0,false,3.4911844701605759,0.026917375162168137,0,-10.183386156727252,0,140.68688901263724,140.74941020555721,0.062521192919973601,true,-0.020081289379603628,0.013285403916642791,true
p3_r075_g100_b100,0.75,1,1,false,true,protected_core_asymptotic_soft_chroma_compression,0.75121528412523186,0.99582430410797063,0.99125324075122911,CIELAB_D65,95.608394961568237,26.763617777520974,196.43404383953396,95.608394961568237,20.404349092350341,196.43404383953396,0.95248283404314271,-0.079132983550801506,-0.020823042989812638,0.081826818372749938,194.74259696844135,true,0.95476749254198856,-0.060217350514785078,-0.015816902345589912,0.0622599687024529,194.71706956150209,true,26.763617777520974,20.404349092350341,true,26.763617777697888,22.425567318125687,16.819175488594265,0.90986991779950754,false,0,0,false,3.3195287920530725,0.019699804104592596,0,-6.3592686851706333,0,201.3437990214216,201.19079004266072,-0.15300897876088015,true,-0.020081289379603851,0.0094729087433325088,true
p3_r100_g000_b000,1,0,0,false,true,protected_core_asymptotic_soft_chroma_compression,0.93415553380647243,0.28248697297873138,0.06821267799532664,CIELAB_D65,54.966557096508502,133.54679387706796,45.205497846029601,54.966557096508502,87.50784026281012,45.205497846029601,0.64857407514429799,0.26204175941903834,0.14500190706935606,0.29948528633836979,28.958132730803953,true,0.63528503392234692,0.17042238808321528,0.12363942227158921,0.21054808738062283,35.960440219386527,true,133.54679387706796,87.50784026281012,true,133.54679387716214,93.86561347260087,70.399210104450646,0.93226728112050783,false,0,0,false,7.7069081167700686,0.095010860312413611,0,-46.038953614257835,0,44.022239375990289,41.506524671748167,-2.5157147042421215,true,-0.22494017628055918,0.0057778604665705436,true
p3_r100_g000_b025,1,0,0.25,false,true,protected_core_asymptotic_soft_chroma_compression,0.96678708334748742,0.23110347673591752,0.28820416672671845,CIELAB_D65,55.380869052970674,107.39970255780402,27.745710341550375,55.380869052970674,79.124888992057436,27.745710341550375,0.65288763745385436,0.27667610946685689,0.1053511320328904,0.29605494518809794,20.845543719760617,true,0.64256378091647859,0.20503599997950694,0.084542833528189809,0.22178199202949636,22.407904186735202,true,107.39970255780402,79.124888992057436,true,107.39970255784075,86.389954090672319,64.792465568004246,0.91590382035636131,false,0,0,false,5.4408292622081378,0.075311835642377811,0,-28.274813565746584,0,24.875668595248154,26.386030513651718,1.5103619184035644,true,-0.22494017628056007,0.04363647110675891,true
p3_r100_g000_b050,1,0,0.5,false,true,protected_core_asymptotic_soft_chroma_compression,0.96510202128263833,0.24069903088334982,0.50840278811717665,CIELAB_D65,56.678193068783351,98.292829425223744,4.2862674124884474,56.678193068783351,72.947758543273196,4.2862674124884474,0.66645728615744904,0.30177460746433116,0.019323420048305482,0.30239263925005583,3.6637971784081453,true,0.65563186597667833,0.22277457077453194,0.014702488827797016,0.22325920487520429,3.7758829287061495,true,98.292829425223744,72.947758543273196,true,98.292829425244605,79.752924215336634,59.814693161502476,0.91467189775149593,false,0,0,false,5.2226991449683915,0.079872075999215961,0,-25.345070881950548,0,7.4493101214996651,7.9161281985692389,0.46681807706957379,true,-0.2249401762805594,0.047231730711890477,true
p3_r100_g000_b075,1,0,0.75,false,true,protected_core_asymptotic_soft_chroma_compression,0.96591930543782756,0.26234502001570342,0.7145668040287152,CIELAB_D65,59.011674110908366,107.36527474930502,344.05081550388167,59.011674110908366,79.504757625955122,344.05081550388167,0.69071719706718959,0.31703263704482787,-0.078501139222062907,0.32660698371400337,346.09259348296666,true,0.67833717390935433,0.23195503955720345,-0.05792165320174078,0.2390775152238423,345.97935871039112,true,107.36527474930502,79.504757625955122,true,107.36527474932633,86.885954613474965,65.164465960106227,0.91504729365803494,false,0,0,false,5.353104658948733,0.088402363161373732,0,-27.860517123349894,0,349.073888194804,348.35689741460391,-0.7169907802000921,true,-0.22494017628055918,0.055959026010247277,true
p3_r100_g000_b100,1,0,1,false,true,protected_core_asymptotic_soft_chroma_compression,0.96956621534064902,0.29708408838811795,0.91283826775696064,CIELAB_D65,62.360597967422052,126.7340834489291,330.66192376819572,62.360597967422052,92.475709008803619,330.66192376819572,0.72497956699711608,0.31642253348146943,-0.17205781302024251,0.36017649939458901,331.46443569576422,true,0.71001456696679666,0.23055659431214962,-0.12458850967574138,0.2620660983874859,331.6140345998034,true,126.7340834489291,92.475709008803619,true,126.73408344900409,100.79350198369684,75.595126487772632,0.91747689274415123,false,0,0,false,5.7749725687527667,0.099248402986390954,0,-34.258374440125479,0,330.33232111135874,329.5821377883106,-0.75018332304813384,true,-0.22494017628056029,0.067840625565071089,true
p3_r100_g025_b000,1,0.25,0,false,true,protected_core_asymptotic_soft_chroma_compression,0.94339370697428004,0.36268569167269532,0.078679717500930932,CIELAB_D65,58.430532430533631,127.90431630806462,49.638734523912653,58.430532430533631,83.781479512913293,49.638734523912653,0.67358458122647835,0.22675153095015607,0.15210648554140119,0.27304329277972766,33.853980585999622,true,0.6621344714597075,0.14796173786001618,0.12891086180203837,0.19624139767414106,41.063832011234439,true,127.90431630806462,83.781479512913293,true,127.904316308221,89.864587242077135,67.398440431557844,0.93230806577036651,false,0,0,false,7.6563252739595962,0.082927519373946351,0,-44.122836795151329,0,45.624723543424729,46.164528863956207,0.53980532053147812,true,-0.21349610003878472,0.0070266988789471655,true
p3_r100_g025_b025,1,0.25,0.25,false,true,protected_core_asymptotic_soft_chroma_compression,0.97003262523000766,0.33268306755139682,0.2937001380287555,CIELAB_D65,58.80746890043023,100.25094441054111,33.18373579210234,58.80746890043023,73.302111844209577,33.183735792102347,0.67754383664912365,0.24069160180973112,0.11514750272059715,0.26681715567879827,25.566576521706352,true,0.66845535770081488,0.17774730416043602,0.091959996690576182,0.20012682260914788,27.35540310141571,true,100.25094441054111,73.302111844209577,true,100.25094441061088,79.9242918676361,59.943218900727075,0.91714433911540161,false,0,0,false,5.4942507625777415,0.067692285321513321,0,-26.948832566331532,7.1054273576010019e-15,30.066344520887032,31.393044148561472,1.3266996276744401,true,-0.2134961000387845,0.066821875826181043,true
p3_r100_g025_b050,1,0.25,0.5,false,true,protected_core_asymptotic_soft_chroma_compression,0.96812175199769079,0.33879830688668489,0.51410838634905398,CIELAB_D65,59.991426420128803,88.12375318605045,8.2573767999428842,59.991426420128803,65.045114225317036,8.2573767999428842,0.6900410372405229,0.26634188123196673,0.032368487285193454,0.26830154056083017,6.9291670242646441,true,0.68050865141337469,0.1960378155614676,0.024444776500599081,0.19755599770261653,7.1077636065557339,true,88.12375318605045,65.045114225317036,true,88.123753186059645,71.04157415988351,53.281180619912632,0.91559224291580221,false,0,0,false,5.1906401445481798,0.071388467009436241,0,-23.078638960733414,0,10.872521815697972,11.457853198148978,0.58533138245100602,true,-0.21349610003878472,0.070991558643132113,true
p3_r100_g025_b075,1,0.25,0.75,false,true,protected_core_asymptotic_soft_chroma_compression,0.9686232472121683,0.35342735611174736,0.72052126155490059,CIELAB_D65,62.134141639830062,96.137899322791057,345.33359367057682,62.134141639830062,70.884308889177362,345.33359367057682,0.71255842758194654,0.2846987322365877,-0.064353123008182939,0.29188129878090269,347.26294697324033,true,0.70158505113426151,0.20747271282887675,-0.047296738306864559,0.21279546053203671,347.15796532271088,true,96.137899322791057,70.884308889177362,true,96.1378993228833,77.403929860330408,58.052947395247806,0.91577144748442085,false,0,0,false,5.3076628042260312,0.079844807741656726,0,-25.253590433613695,0,350.15430794723932,349.55100958099365,-0.60329836624566724,true,-0.21349610003878405,0.069898308926748309,true
p3_r100_g025_b100,1,0.25,1,false,true,protected_core_asymptotic_soft_chroma_compression,0.97193761968378645,0.3784624487100326,0.91870884580367651,CIELAB_D65,65.235843814919065,116.12710625729832,330.4442941777819,65.235843814919065,84.370739121119229,330.4442941777819,0.7446901141924116,0.28869508968226887,-0.15834402613304682,0.32926840938461782,331.25602967814962,true,0.73124558422208408,0.20933114153667978,-0.11410454088254358,0.23841009430614618,331.40559205076624,true,116.12710625729832,84.370739121119229,true,116.12710625739126,91.89033111728088,68.91774833796066,0.9181677560116277,false,0,0,false,5.762161371564015,0.091850550932524519,0,-31.756367136179094,0,329.62653775896058,328.96370631256491,-0.66283144639567126,true,-0.21349610003878472,0.062654174600846879,true
p3_r100_g050_b000,1,0.5,0,false,true,protected_core_asymptotic_soft_chroma_compression,0.97121300880090145,0.53493986242197211,0.10867047555162847,CIELAB_D65,67.80152150857171,116.27547643520511,62.449711370263522,67.80152150857171,77.858377745177521,62.449711370263522,0.74251322965975786,0.13785034641290353,0.17120454206877248,0.21980380622531448,51.159703395731334,true,0.73576497512272454,0.093581027601629146,0.14317989830024569,0.17104938469414491,56.831748890946102,true,116.27547643520511,77.858377745177521,true,116.27547643537422,83.750646112296153,62.812984584222114,0.92964509958265817,false,0,0,false,7.1566772714990021,0.052827002429284876,0,-38.417098690027586,0,59.906493716441418,59.276065873403319,-0.63042784303809896,true,-0.17679372440919461,0.011421494189202944,true
p3_r100_g050_b025,1,0.5,0.25,false,true,protected_core_asymptotic_soft_chroma_compression,0.97846643463471616,0.52897570248191728,0.31225840668097454,CIELAB_D65,68.09931947818346,87.290075112815984,50.902968116965681,68.09931947818346,62.351013217225521,50.902968116965688,0.74570364492983987,0.14998793162414795,0.14050079907315047,0.20551606791947893,43.129429962435786,true,0.73971722216421398,0.11023807857885136,0.11063732740863201,0.1561827525205067,45.103566297506433,true,87.290075112815984,62.351013217225521,true,87.290075112946113,67.714313018380381,50.785734763785285,0.92079518255322113,false,0,0,false,5.7109587981998269,0.050077090715305889,0,-24.939061895590463,7.1054273576010019e-15,47.556587687003471,47.700911327983633,0.14432364098016137,true,-0.17679372440919394,0.048288320047150557,true
p3_r100_g050_b050,1,0.5,0.5,false,true,protected_core_asymptotic_soft_chroma_compression,0.97609484130693669,0.53207600640966934,0.53056439141693745,CIELAB_D65,69.040440473789474,64.851683322846597,24.589110697688231,69.040440473789474,47.144304262394243,24.589110697688231,0.7558376695637179,0.1757628289729897,0.066498289936090499,0.18792177791041884,20.723686992031443,true,0.74952947541361048,0.12885618183489667,0.049694209210656135,0.13810658936538986,21.089451597780513,true,64.851683322846597,47.144304262394243,true,64.851683322918547,51.351180781893149,38.513385586419858,0.9180763430276897,false,0,0,false,5.0316755323973998,0.05022354017987915,0,-17.707379060452354,0,25.014460195491832,25.69589935685115,0.68143916135931804,true,-0.17679372440919439,0.053521461886980926,true
p3_r100_g050_b075,1,0.5,0.75,false,true,protected_core_asymptotic_soft_chroma_compression,0.97587352502500424,0.5400930168391006,0.73757489966330814,CIELAB_D65,70.764903520956366,66.635074975889609,351.22117337532404,70.764903520956366,48.589264747085089,351.22117337532404,0.77438874433197391,0.19996567842643873,-0.026114274199139639,0.20166365033266095,352.5596346198875,true,0.76692858169634703,0.14451561411731695,-0.019022493330599289,0.14576219666366844,352.50130484451864,true,66.635074975889609,48.589264747085089,true,66.635074975972572,52.953314877245461,39.714986157934092,0.9175868377593176,false,0,0,false,5.024109923794394,0.056397313892801129,0,-18.04581022880452,0,355.81908524218136,355.57615918838292,-0.2429260537984419,true,-0.17679372440919461,0.054008958393992335,true
p3_r100_g050_b100,1,0.5,1,false,true,protected_core_asymptotic_soft_chroma_compression,0.97841564587677143,0.55474685735243168,0.93600389813323692,CIELAB_D65,73.306235982197734,87.195037175249368,329.82403689859888,73.306235982197734,62.629585077849953,329.82403689859888,0.80145943927257257,0.213943659102209,-0.12011339747518832,0.24535508456739752,330.6890406506518,true,0.79187464769364946,0.15325337932446753,-0.085539808755455665,0.17550970672953978,330.83152035600341,true,87.195037175249368,62.629585077849953,true,87.195037175298069,68.079126728836798,51.059345046627598,0.91995282676446932,false,0,0,false,5.6201401227701595,0.070501853352044272,0,-24.565452097399415,0,327.8050850018347,327.36139580051139,-0.44368920132330913,true,-0.17679372440919461,0.048400566575290349,true
p3_r100_g075_b000,1,0.75,0,false,true,protected_core_asymptotic_soft_chroma_compression,0.99195513245041678,0.754462425198275,0.2242696717618719,CIELAB_D65,81.314833033663788,113.10332588878339,82.161101854178824,81.314833033663788,72.249560914829374,82.161101854178824,0.84456303924218812,0.02534847860941649,0.19856468440947983,0.2001761206099478,82.725053106192618,true,0.84256757852433006,0.019783600987644003,0.15569103532807058,0.15694294934645783,82.758257264061271,true,113.10332588878339,72.249560914829374,true,113.10332588928956,77.258798968124296,57.944099226093222,0.93516287956583888,false,0,0,false,7.9014105499346625,0.043279319680161833,0,-40.853764973954014,0,82.037628776636623,78.122760418775101,-3.914868357861522,true,-0.10740408582051808,0.018203531716639687,true
p3_r100_g075_b025,1,0.75,0.25,false,true,protected_core_asymptotic_soft_chroma_compression,0.99004246564226617,0.75463557590992447,0.36078304474151746,CIELAB_D65,81.535950693987999,87.21073502348851,78.894662349985069,81.535950693987999,58.746219749729008,78.894662349985069,0.84698199399155949,0.03524167552574007,0.174691543733623,0.17821086147005144,78.594427427343319,true,0.84502022129606147,0.028231557330708174,0.13228857696008264,0.1352674699380482,77.953284717662228,true,87.21073502348851,58.746219749729008,true,87.21073502379636,63.243159377585592,47.432369533189195,0.92889445005414495,false,0,0,false,6.644337114808069,0.043023271614500522,0,-28.464515273759503,0,76.294151161412088,73.478485740933564,-2.8156654204785241,true,-0.10740408582051786,0.022502738695245883,true
p3_r100_g075_b050,1,0.75,0.5,false,true,protected_core_asymptotic_soft_chroma_compression,0.98744737674097494,0.75662320598026378,0.55863001677784863,CIELAB_D65,82.23842076139556,51.874958344378427,66.041744297504806,82.23842076139556,36.701734392293787,66.041744297504806,0.85470201398704948,0.059212656003255086,0.11245290185730016,0.12708970755764371,62.230720465658656,true,0.85245828429628845,0.044691294946829024,0.082899499438627816,0.094178760085273566,61.670799402524018,true,51.874958344378427,36.701734392293787,true,51.874958344468467,39.797469231658887,29.848101923744167,0.9222127713361622,false,0,0,false,5.0708713758547228,0.033004663979145102,0,-15.173223952084641,0,60.938438944950171,59.929739962579973,-1.0086989823701984,true,-0.10740408582051719,0.028318274941247945,true
p3_r100_g075_b075,1,0.75,0.75,false,true,protected_core_asymptotic_soft_chroma_compression,0.98641732908729873,0.76129480269669991,0.76408609716542819,CIELAB_D65,83.539725297318597,30.503928775471909,20.197382452973311,83.539725297318597,21.951332269039384,20.197382452973308,0.86902979284701165,0.087099010593573306,0.027645066529574578,0.091381001033059378,17.609342977660479,true,0.86594797136108914,0.062888241248775179,0.02005139960526121,0.066007495888679324,17.684455133759343,true,30.503928775471909,21.951332269039384,true,30.503928775505159,23.868868614422819,17.901651460817114,0.91966371023447835,false,0,0,false,4.1011542739422069,0.025560179054449544,0,-8.5525965064325256,-3.5527136788005009e-15,22.861236467429201,23.11345004334289,0.25221357591368943,true,-0.10740408582051786,0.030620978321705739,true
p3_r100_g075_b100,1,0.75,1,false,true,protected_core_asymptotic_soft_chroma_compression,0.98804242567157474,0.77000593867591538,0.96412539199856528,CIELAB_D65,85.489286619707713,45.830450425127559,328.87354971951663,85.489286619707713,32.425489139717669,328.87354971951663,0.89039294105248123,0.11010939455771598,-0.063823866740117918,0.12726965363167728,329.90168131240341,true,0.88569262909472057,0.077737682261486349,-0.04487370840237833,0.089759662149372477,330.00451275684588,true,45.830450425127559,32.425489139717669,true,45.830450425178313,35.160575265857155,26.370431449392868,0.92221156492864886,false,0,0,false,4.8690524365482961,0.037803825077834835,0,-13.40496128540989,0,325.44990473926561,325.26071585293795,-0.18918888632765629,true,-0.10740408582051808,0.026986572101606932,true
p3_r100_g100_b000,1,1,0,false,true,protected_core_asymptotic_soft_chroma_compression,0.99966733061913304,0.9685391953215009,0.7966791303589752,CIELAB_D65,96.849445070368049,127.62829872435073,100.80247297196344,96.849445070368049,22.464546304324177,100.80247297196344,0.96476411970969556,-0.084728545710718792,0.22991624488066359,0.24503143904054153,110.22980955562507,true,0.9713718320555238,-0.0087775166498768251,0.056486036283238304,0.057163949247145088,98.832702819646187,true,127.62829872435073,22.464546304324177,true,28.481195610220087,22.742608190490838,17.056956142868128,0.9877735269482889,false,0,0,false,24.025978940750093,0.18944724313642708,0,-105.16375242002655,0,100.74934350482091,88.017515872748689,-12.731827632072225,true,-0.098273600140966338,0.00075661638902235762,true
p3_r100_g100_b025,1,1,0.25,false,true,protected_core_asymptotic_soft_chroma_compression,0.99960350091255468,0.97218551887262228,0.78308754775297995,CIELAB_D65,97.014009481930387,107.55495467325345,102.11459793969631,97.014009481930387,24.609328397616245,102.11459793969631,0.9665946675500029,-0.076855762020244717,0.21158588652606844,0.22511196221599331,109.96287990466367,true,0.97244862900962892,-0.011487867049261096,0.06137240126124207,0.062438311363396164,100.60210552699151,true,107.55495467325345,24.609328397616245,true,31.344893104393488,25.021011444751615,18.765758583563709,0.98354650658130272,false,0,0,false,20.87373400505647,0.16392474405383264,0,-82.94562627563721,0,99.915943641662551,89.563229453123824,-10.352714188538727,true,-0.042397735623701381,0.00090175116217783291,true
p3_r100_g100_b050,1,1,0.5,true,true,protected_core_asymptotic_soft_chroma_compression,0.99949975555057446,0.982207166568832,0.75884620438870576,CIELAB_D65,97.538578374609571,72.693350928505993,104.62497880960481,97.538578374609571,28.85428309930213,104.62497880960481,0.9724512302584547,-0.055950275090583999,0.16077846041586183,0.1702355621379002,109.18769662182874,true,0.97621339947031094,-0.017588688176997352,0.070718931793047793,0.072873378306054892,103.96679792536973,true,72.693350928505993,28.85428309930213,true,37.377049571148689,29.815794081873939,22.361845561405453,0.96775162251484881,false,0,0,false,13.346402526819263,0.097961645369352396,0,-43.839067829203863,0,98.243323670130749,92.554783320439739,-5.6885403496910101,true,-2.2204460492503131e-16,0.0011376191565787286,true
p3_r100_g100_b075,1,1,0.75,true,false,identity_no_gamut_contraction,0.99999999999999989,0.99999999999999978,0.71905023204878782,CIELAB_D65,98.517294237332621,36.00217233003945,107.43798484188609,98.517294237332621,36.00217233003945,107.43798484188609,0.98341223842873504,-0.027854225628008374,0.085969519629974428,0.090369332136209554,107.95238538906473,true,0.98341223842873504,-0.027854225628008374,0.085969519629974428,0.090369332136209554,107.95238538906473,true,36.00217233003945,36.00217233003945,true,36.002172330925134,36.002172330919635,0,0.99999999997555189,false,0,0,false,2.7091034826358075e-15,0,0,0,0,96.22856425706766,96.22856425706766,0,true,-4.4408920985006262e-16,-4.4408920985006262e-16,true
p3_r100_g100_b100,1,1,1,true,false,identity_no_gamut_contraction,0.99999999999999978,0.99999999999999989,0.99999999999999989,CIELAB_D65,100,0,0,100,0,0,1.0000000000000002,-4.9960036108132044e-16,0,4.9960036108132044e-16,0,false,1.0000000000000002,-4.9960036108132044e-16,0,4.9960036108132044e-16,0,false,0,0,false,0,0,0,0,false,0,0,false,0,0,0,0,0,0,0,0,false,0,0,true
